"Date","Open","High","Low","Close","h1","h2","h3","h4","h5","h6","h7","h8","h9","h10","h11","h12","h13","h14","h15"
"2015-11-20",83.4,83.63,83.02,83.17,75.6,92.6,74.4,101,77.9,103.4,101.2,74.5,101.6,100.7,85.4,81.3,99.8,101.5,92.7
"2015-11-23",83.14,83.4,82.87,83.02,75.6,92.6,74.4,101,77.9,103.4,101.2,74.5,101.6,100.7,85.4,81.3,99.8,101.5,92.7
"2015-11-24",82.53,83.46,82.48,83.25,75.6,92.6,74.4,101,77.9,103.4,101.2,74.5,101.6,100.7,85.4,81.3,99.8,101.5,92.7
"2015-11-25",83.21,83.302,83.04,83.15,75.6,92.6,74.4,101,77.9,103.4,101.2,74.5,101.6,100.7,85.4,81.3,99.8,101.5,92.7
"2015-11-27",83.13,83.38,83,83.26,75.6,92.6,74.4,101,77.9,103.4,101.2,74.5,101.6,100.7,85.4,81.3,99.8,101.5,92.7
"2015-11-30",83.33,83.4151,83.02,83.07,75.6,92.6,74.4,101,77.9,103.4,101.2,74.5,101.6,100.7,85.4,81.3,99.8,101.5,92.7
"2015-12-01",83.39,83.9831,83.25,83.94,75.6,92.6,74.4,101,77.9,103.4,101.2,74.5,101.6,100.7,85.4,81.3,99.8,101.5,92.7
"2015-12-02",83.96,84.019,82.85,82.97,75.6,92.6,74.4,101,77.9,103.4,101.2,74.5,101.6,100.7,85.4,81.3,99.8,101.5,92.7
"2015-12-03",83.17,83.17,81.5864,81.85,75.6,92.6,74.4,101,77.9,103.4,101.2,74.5,101.6,100.7,85.4,81.3,99.8,101.5,92.7
"2015-12-04",82.12,83.6,82.02,83.45,75.6,92.6,74.4,101,77.9,103.4,101.2,74.5,101.6,100.7,85.4,81.3,99.8,101.5,92.7
"2015-12-07",83.25,83.25,82.46,82.91,75.6,92.6,74.4,101,77.9,103.4,101.2,74.5,101.6,100.7,85.4,81.3,99.8,101.5,92.7
"2015-12-08",82.1476,82.63,81.78,82.08,75.6,92.6,74.4,101,77.9,103.4,101.2,74.5,101.6,100.7,85.4,81.3,99.8,101.5,92.7
"2015-12-09",81.89,82.98,81.23,81.74,75.6,92.6,74.4,101,77.9,103.4,101.2,74.5,101.6,100.7,85.4,81.3,99.8,101.5,92.7
"2015-12-10",81.81,82.555,81.64,81.92,75.6,92.6,74.4,101,77.9,103.4,101.2,74.5,101.6,100.7,85.4,81.3,99.8,101.5,92.7
"2015-12-11",80.95,81.24,80.29,80.4,75.6,92.6,74.4,101,77.9,103.4,101.2,74.5,101.6,100.7,85.4,81.3,99.8,101.5,92.7
"2015-12-14",80.48,80.85,79.74,80.79,75.6,92.6,74.4,101,77.9,103.4,101.2,74.5,101.6,100.7,85.4,81.3,99.8,101.5,92.7
"2015-12-15",81.44,82.24,81.44,81.9,75.6,92.6,74.4,101,77.9,103.4,101.2,74.5,101.6,100.7,85.4,81.3,99.8,101.5,92.7
"2015-12-16",82.47,83.23,81.89,83.1,75.6,92.6,74.4,101,77.9,103.4,101.2,74.5,101.6,100.7,85.4,81.3,99.8,101.5,92.7
"2015-12-17",83.14,83.15,81.89,81.91,75.6,92.6,74.4,101,77.9,103.4,101.2,74.5,101.6,100.7,85.4,81.3,99.8,101.5,92.7
"2015-12-18",81.66,81.66,80.47,80.49,75.6,92.6,74.4,101,77.9,103.4,101.2,74.5,101.6,100.7,85.4,81.3,99.8,101.5,92.7
"2015-12-21",80.48,80.61,79.89,80.49,75.6,92.6,74.4,101,77.9,103.4,101.2,74.5,101.6,100.7,85.4,81.3,99.8,101.5,92.7
"2015-12-22",80.7816,81.51,80.4275,81.38,75.6,92.6,74.4,101,77.9,103.4,101.2,74.5,101.6,100.7,85.4,81.3,99.8,101.5,92.7
"2015-12-24",82.4516,82.66,82.2599,82.4,75.6,92.6,74.4,101,77.9,103.4,101.2,74.5,101.6,100.7,85.4,81.3,99.8,101.5,92.7
"2015-12-28",82.06,82.12,81.64,82.11,75.6,92.6,74.4,101,77.9,103.4,101.2,74.5,101.6,100.7,85.4,81.3,99.8,101.5,92.7
"2015-12-29",82.65,83,82.6,82.87,75.6,92.6,74.4,101,77.9,103.4,101.2,74.5,101.6,100.7,85.4,81.3,99.8,101.5,92.7
"2015-12-30",82.76,82.8,82.2,82.29,75.6,92.6,74.4,101,77.9,103.4,101.2,74.5,101.6,100.7,85.4,81.3,99.8,101.5,92.7
"2015-12-31",81.81,82.26,81.52,81.52,75.6,92.6,74.4,101,77.9,103.4,101.2,74.5,101.6,100.7,85.4,81.3,99.8,101.5,92.7
"2016-01-04",80.36,80.53,79.54,80.53,75.6,92.6,74.4,101,77.9,103.4,101.2,74.5,101.6,100.7,85.4,81.3,99.8,101.5,92.7
"2016-01-05",80.6112,80.89,80.19,80.81,75.6,92.6,74.4,101,77.9,103.4,101.2,74.5,101.6,100.7,85.4,81.3,99.8,101.5,92.7
"2016-01-06",79.59,80.09,79.19,79.64,75.6,92.6,74.4,101,77.9,103.4,101.2,74.5,101.6,100.7,85.4,81.3,99.8,101.5,92.7
"2016-01-07",78.1789,79.04,77.56,77.78,75.6,92.6,74.4,101,77.9,103.4,101.2,74.5,101.6,100.7,85.4,81.3,99.8,101.5,92.7
"2016-01-08",78.4,78.4,76.71,76.86,75.6,92.6,74.4,101,77.9,103.4,101.2,74.5,101.6,100.7,85.4,81.3,99.8,101.5,92.7
"2016-01-11",77.27,77.34,76,76.84,75.6,92.6,74.4,101,77.9,103.4,101.2,74.5,101.6,100.7,85.4,81.3,99.8,101.5,92.7
"2016-01-12",77.3941,77.66,76.32,77.28,75.6,92.6,74.4,101,77.9,103.4,101.2,74.5,101.6,100.7,85.4,81.3,99.8,101.5,92.7
"2016-01-13",77.7,77.91,75.44,75.67,75.6,92.6,74.4,101,77.9,103.4,101.2,74.5,101.6,100.7,85.4,81.3,99.8,101.5,92.7
"2016-01-14",76,77.3924,75.48,76.91,75.6,92.6,74.4,101,77.9,103.4,101.2,74.5,101.6,100.7,85.4,81.3,99.8,101.5,92.7
"2016-01-15",75,75.54,74.34,75.24,75.6,92.6,74.4,101,77.9,103.4,101.2,74.5,101.6,100.7,85.4,81.3,99.8,101.5,92.7
"2016-01-19",76.042,76.05,74.6,75.25,75.6,92.6,74.4,101,77.9,103.4,101.2,74.5,101.6,100.7,85.4,81.3,99.8,101.5,92.7
"2016-01-20",74.06,74.7661,72.48,74.1,75.6,92.6,74.4,101,77.9,103.4,101.2,74.5,101.6,100.7,85.4,81.3,99.8,101.5,92.7
"2016-01-21",74.2,75.3,73.74,74.47,75.6,92.6,74.4,101,77.9,103.4,101.2,74.5,101.6,100.7,85.4,81.3,99.8,101.5,92.7
"2016-01-22",75.69,75.845,75.15,75.76,75.6,92.6,74.4,101,77.9,103.4,101.2,74.5,101.6,100.7,85.4,81.3,99.8,101.5,92.7
"2016-01-25",75.46,75.55,74.39,74.44,75.6,92.6,74.4,101,77.9,103.4,101.2,74.5,101.6,100.7,85.4,81.3,99.8,101.5,92.7
"2016-01-26",74.83,75.81,74.8,75.72,75.6,92.6,74.4,101,77.9,103.4,101.2,74.5,101.6,100.7,85.4,81.3,99.8,101.5,92.7
"2016-01-27",75.546,76.62,74.9,75.33,75.6,92.6,74.4,101,77.9,103.4,101.2,74.5,101.6,100.7,85.4,81.3,99.8,101.5,92.7
"2016-01-28",75.95,76.06,74.96,75.65,75.6,92.6,74.4,101,77.9,103.4,101.2,74.5,101.6,100.7,85.4,81.3,99.8,101.5,92.7
"2016-01-29",76.2,77.6401,76.2,77.64,75.6,92.6,74.4,101,77.9,103.4,101.2,74.5,101.6,100.7,85.4,81.3,99.8,101.5,92.7
"2016-02-01",77.19,77.84,76.8,77.53,75.6,92.6,74.4,101,77.9,103.4,101.2,74.5,101.6,100.7,85.4,81.3,99.8,101.5,92.7
"2016-02-02",76.54,76.62,75.7598,75.98,75.6,92.6,74.4,101,77.9,103.4,101.2,74.5,101.6,100.7,85.4,81.3,99.8,101.5,92.7
"2016-02-03",76.4799,76.77,74.79,76.6,75.6,92.6,74.4,101,77.9,103.4,101.2,74.5,101.6,100.7,85.4,81.3,99.8,101.5,92.7
"2016-02-04",76.39,77.33,76.285,76.85,75.6,92.6,74.4,101,77.9,103.4,101.2,74.5,101.6,100.7,85.4,81.3,99.8,101.5,92.7
"2016-02-05",76.71,76.79,75.695,76,75.6,92.6,74.4,101,77.9,103.4,101.2,74.5,101.6,100.7,85.4,81.3,99.8,101.5,92.7
"2016-02-08",75.2,75.44,74.29,75.08,75.6,92.6,74.4,101,77.9,103.4,101.2,74.5,101.6,100.7,85.4,81.3,99.8,101.5,92.7
"2016-02-09",74.39,75.63,74.26,75.08,75.6,92.6,74.4,101,77.9,103.4,101.2,74.5,101.6,100.7,85.4,81.3,99.8,101.5,92.7
"2016-02-10",75.47,76.02,74.85,74.9,75.6,92.6,74.4,101,77.9,103.4,101.2,74.5,101.6,100.7,85.4,81.3,99.8,101.5,92.7
"2016-02-11",73.73,74.23,73.0158,73.67,75.6,92.6,74.4,101,77.9,103.4,101.2,74.5,101.6,100.7,85.4,81.3,99.8,101.5,92.7
"2016-02-12",74.52,75.33,74.2399,75.33,75.6,92.6,74.4,101,77.9,103.4,101.2,74.5,101.6,100.7,85.4,81.3,99.8,101.5,92.7
"2016-02-16",76.266,76.4925,75.69,76.48,75.6,92.6,74.4,101,77.9,103.4,101.2,74.5,101.6,100.7,85.4,81.3,99.8,101.5,92.7
"2016-02-17",77.03,77.78,77.02,77.6,75.6,92.6,74.4,101,77.9,103.4,101.2,74.5,101.6,100.7,85.4,81.3,99.8,101.5,92.7
"2016-02-18",77.73,77.8,77.32,77.5,75.6,92.6,74.4,101,77.9,103.4,101.2,74.5,101.6,100.7,85.4,81.3,99.8,101.5,92.7
"2016-02-19",77.2,77.41,76.83,77.35,75.6,92.6,74.4,101,77.9,103.4,101.2,74.5,101.6,100.7,85.4,81.3,99.8,101.5,92.7
"2016-02-22",78.1268,78.5,78.07,78.43,75.6,92.6,74.4,101,77.9,103.4,101.2,74.5,101.6,100.7,85.4,81.3,99.8,101.5,92.7
"2016-02-23",78.05,78.13,77.3199,77.42,75.6,92.6,74.4,101,77.9,103.4,101.2,74.5,101.6,100.7,85.4,81.3,99.8,101.5,92.7
"2016-02-24",76.69,77.745,76.19,77.67,75.6,92.6,74.4,101,77.9,103.4,101.2,74.5,101.6,100.7,85.4,81.3,99.8,101.5,92.7
"2016-02-25",77.86,78.61,77.57,78.59,75.6,92.6,74.4,101,77.9,103.4,101.2,74.5,101.6,100.7,85.4,81.3,99.8,101.5,92.7
"2016-02-26",79.03,79.09,78.36,78.43,75.6,92.6,74.4,101,77.9,103.4,101.2,74.5,101.6,100.7,85.4,81.3,99.8,101.5,92.7
"2016-02-29",78.44,78.8237,77.75,77.78,75.6,92.6,74.4,101,77.9,103.4,101.2,74.5,101.6,100.7,85.4,81.3,99.8,101.5,92.7
"2016-03-01",78.36,79.45,78.1208,79.35,75.6,92.6,74.4,101,77.9,103.4,101.2,74.5,101.6,100.7,85.4,81.3,99.8,101.5,92.7
"2016-03-02",79.29,80.08,79.17,80.08,75.6,92.6,74.4,101,77.9,103.4,101.2,74.5,101.6,100.7,85.4,81.3,99.8,101.5,92.7
"2016-03-03",80,80.51,79.7018,80.5,75.6,92.6,74.4,101,77.9,103.4,101.2,74.5,101.6,100.7,85.4,81.3,99.8,101.5,92.7
"2016-03-04",80.59,81.16,80.22,80.81,75.6,92.6,74.4,101,77.9,103.4,101.2,74.5,101.6,100.7,85.4,81.3,99.8,101.5,92.7
"2016-03-07",80.44,81.249,80.27,81.1,75.6,92.6,74.4,101,77.9,103.4,101.2,74.5,101.6,100.7,85.4,81.3,99.8,101.5,92.7
"2016-03-08",80.55,80.75,80.0895,80.17,75.6,92.6,74.4,101,77.9,103.4,101.2,74.5,101.6,100.7,85.4,81.3,99.8,101.5,92.7
"2016-03-09",80.6,80.91,80.3221,80.61,75.6,92.6,74.4,101,77.9,103.4,101.2,74.5,101.6,100.7,85.4,81.3,99.8,101.5,92.7
"2016-03-11",81.39,81.93,81.29,81.89,75.6,92.6,74.4,101,77.9,103.4,101.2,74.5,101.6,100.7,85.4,81.3,99.8,101.5,92.7
"2016-03-14",81.59,81.87,81.37,81.68,75.6,92.6,74.4,101,77.9,103.4,101.2,74.5,101.6,100.7,85.4,81.3,99.8,101.5,92.7
"2016-03-15",81.085,81.46,80.98,81.45,75.6,92.6,74.4,101,77.9,103.4,101.2,74.5,101.6,100.7,85.4,81.3,99.8,101.5,92.7
"2016-03-16",81.53,82.01,81.18,81.86,75.6,92.6,74.4,101,77.9,103.4,101.2,74.5,101.6,100.7,85.4,81.3,99.8,101.5,92.7
"2016-03-17",81.91,82.74,81.63,82.52,75.6,92.6,74.4,101,77.9,103.4,101.2,74.5,101.6,100.7,85.4,81.3,99.8,101.5,92.7
"2016-03-18",82.83,83.08,82.6,82.89,75.6,92.6,74.4,101,77.9,103.4,101.2,74.5,101.6,100.7,85.4,81.3,99.8,101.5,92.7
"2016-03-21",82.16,82.5,82.05,82.41,75.6,92.6,74.4,101,77.9,103.4,101.2,74.5,101.6,100.7,85.4,81.3,99.8,101.5,92.7
"2016-03-22",82.1,82.58,81.92,82.29,75.6,92.6,74.4,101,77.9,103.4,101.2,74.5,101.6,100.7,85.4,81.3,99.8,101.5,92.7
"2016-03-23",82.19,82.19,81.65,81.71,75.6,92.6,74.4,101,77.9,103.4,101.2,74.5,101.6,100.7,85.4,81.3,99.8,101.5,92.7
"2016-03-24",81.17,81.66,81.05,81.66,75.6,92.6,74.4,101,77.9,103.4,101.2,74.5,101.6,100.7,85.4,81.3,99.8,101.5,92.7
"2016-03-28",81.85,81.9,81.418,81.69,75.6,92.6,74.4,101,77.9,103.4,101.2,74.5,101.6,100.7,85.4,81.3,99.8,101.5,92.7
"2016-03-29",81.49,82.22,81.24,82.22,75.6,92.6,74.4,101,77.9,103.4,101.2,74.5,101.6,100.7,85.4,81.3,99.8,101.5,92.7
"2016-03-30",82.65,82.87,82.39,82.53,75.6,92.6,74.4,101,77.9,103.4,101.2,74.5,101.6,100.7,85.4,81.3,99.8,101.5,92.7
"2016-03-31",82.5352,82.69,82.27,82.39,75.6,92.6,74.4,101,77.9,103.4,101.2,74.5,101.6,100.7,85.4,81.3,99.8,101.5,92.7
"2016-04-01",81.8357,82.84,81.65,82.81,75.6,92.6,74.4,101,77.9,103.4,101.2,74.5,101.6,100.7,85.4,81.3,99.8,101.5,92.7
"2016-04-04",82.68,82.726,82.2503,82.4,75.6,92.6,74.4,101,77.9,103.4,101.2,74.5,101.6,100.7,85.4,81.3,99.8,101.5,92.7
"2016-04-05",81.94,82.02,81.5,81.63,75.6,92.6,74.4,101,77.9,103.4,101.2,74.5,101.6,100.7,85.4,81.3,99.8,101.5,92.7
"2016-04-06",81.71,82.3638,81.4096,82.34,75.6,92.6,74.4,101,77.9,103.4,101.2,74.5,101.6,100.7,85.4,81.3,99.8,101.5,92.7
"2016-04-07",81.81,81.96,81.03,81.37,75.6,92.6,74.4,101,77.9,103.4,101.2,74.5,101.6,100.7,85.4,81.3,99.8,101.5,92.7
"2016-04-08",81.93,82.19,81.4528,81.67,75.6,92.6,74.4,101,77.9,103.4,101.2,74.5,101.6,100.7,85.4,81.3,99.8,101.5,92.7
"2016-04-11",81.9726,82.36,81.58,81.6,75.6,92.6,74.4,101,77.9,103.4,101.2,74.5,101.6,100.7,85.4,81.3,99.8,101.5,92.7
"2016-04-12",81.69,82.56,81.5695,82.43,75.6,92.6,74.4,101,77.9,103.4,101.2,74.5,101.6,100.7,85.4,81.3,99.8,101.5,92.7
"2016-04-13",82.9,83.3892,82.8,83.36,75.6,92.6,74.4,101,77.9,103.4,101.2,74.5,101.6,100.7,85.4,81.3,99.8,101.5,92.7
"2016-04-14",83.34,83.55,83.135,83.4,75.6,92.6,74.4,101,77.9,103.4,101.2,74.5,101.6,100.7,85.4,81.3,99.8,101.5,92.7
"2016-04-15",83.41,83.44,83.124,83.28,75.6,92.6,74.4,101,77.9,103.4,101.2,74.5,101.6,100.7,85.4,81.3,99.8,101.5,92.7
"2016-04-18",83,83.925,82.9723,83.89,75.6,92.6,74.4,101,77.9,103.4,101.2,74.5,101.6,100.7,85.4,81.3,99.8,101.5,92.7
"2016-04-19",84.17,84.59,84.1666,84.55,75.6,92.6,74.4,101,77.9,103.4,101.2,74.5,101.6,100.7,85.4,81.3,99.8,101.5,92.7
"2016-04-20",84.55,85.0346,84.4195,84.69,75.6,92.6,74.4,101,77.9,103.4,101.2,74.5,101.6,100.7,85.4,81.3,99.8,101.5,92.7
"2016-04-21",84.67,84.75,83.98,84.11,75.6,92.6,74.4,101,77.9,103.4,101.2,74.5,101.6,100.7,85.4,81.3,99.8,101.5,92.7
"2016-04-22",84.11,84.37,83.95,84.34,75.6,92.6,74.4,101,77.9,103.4,101.2,74.5,101.6,100.7,85.4,81.3,99.8,101.5,92.7
"2016-04-25",84.08,84.1,83.6619,84.09,75.6,92.6,74.4,101,77.9,103.4,101.2,74.5,101.6,100.7,85.4,81.3,99.8,101.5,92.7
"2016-04-26",84.31,84.4696,84.13,84.42,75.6,92.6,74.4,101,77.9,103.4,101.2,74.5,101.6,100.7,85.4,81.3,99.8,101.5,92.7
"2016-04-27",84.45,85.1,84.4088,84.93,75.6,92.6,74.4,101,77.9,103.4,101.2,74.5,101.6,100.7,85.4,81.3,99.8,101.5,92.7
"2016-04-28",84.36,84.89,83.94,84.12,75.6,92.6,74.4,101,77.9,103.4,101.2,74.5,101.6,100.7,85.4,81.3,99.8,101.5,92.7
"2016-04-29",83.8,83.97,83.0999,83.64,75.6,92.6,74.4,101,77.9,103.4,101.2,74.5,101.6,100.7,85.4,81.3,99.8,101.5,92.7
"2016-05-02",83.8332,84.2664,83.63,84.18,75.6,92.6,74.4,101,77.9,103.4,101.2,74.5,101.6,100.7,85.4,81.3,99.8,101.5,92.7
"2016-05-03",83.58,83.58,82.98,83.33,75.6,92.6,74.4,101,77.9,103.4,101.2,74.5,101.6,100.7,85.4,81.3,99.8,101.5,92.7
"2016-05-04",82.89,83.2,82.53,82.74,75.6,92.6,74.4,101,77.9,103.4,101.2,74.5,101.6,100.7,85.4,81.3,99.8,101.5,92.7
"2016-05-05",83.0652,83.21,82.52,82.74,75.6,92.6,74.4,101,77.9,103.4,101.2,74.5,101.6,100.7,85.4,81.3,99.8,101.5,92.7
"2016-05-06",82.3999,82.998,82.2901,82.96,75.6,92.6,74.4,101,77.9,103.4,101.2,74.5,101.6,100.7,85.4,81.3,99.8,101.5,92.7
"2016-05-09",82.89,83.08,82.56,82.82,75.6,92.6,74.4,101,77.9,103.4,101.2,74.5,101.6,100.7,85.4,81.3,99.8,101.5,92.7
"2016-05-10",83.1542,83.86,83.1542,83.85,75.6,92.6,74.4,101,77.9,103.4,101.2,74.5,101.6,100.7,85.4,81.3,99.8,101.5,92.7
"2016-05-11",83.72,83.96,83.29,83.34,75.6,92.6,74.4,101,77.9,103.4,101.2,74.5,101.6,100.7,85.4,81.3,99.8,101.5,92.7
"2016-05-12",83.63,83.72,82.9508,83.38,75.6,92.6,74.4,101,77.9,103.4,101.2,74.5,101.6,100.7,85.4,81.3,99.8,101.5,92.7
"2016-05-13",83.2304,83.47,82.37,82.53,75.6,92.6,74.4,101,77.9,103.4,101.2,74.5,101.6,100.7,85.4,81.3,99.8,101.5,92.7
"2016-05-16",82.6897,83.508,82.6827,83.31,75.6,92.6,74.4,101,77.9,103.4,101.2,74.5,101.6,100.7,85.4,81.3,99.8,101.5,92.7
"2016-05-17",83.13,83.25,82.36,82.64,75.6,92.6,74.4,101,77.9,103.4,101.2,74.5,101.6,100.7,85.4,81.3,99.8,101.5,92.7
"2016-05-18",82.47,83.25,82.2,82.71,75.6,92.6,74.4,101,77.9,103.4,101.2,74.5,101.6,100.7,85.4,81.3,99.8,101.5,92.7
"2016-05-19",82.3484,82.65,81.86,82.48,75.6,92.6,74.4,101,77.9,103.4,101.2,74.5,101.6,100.7,85.4,81.3,99.8,101.5,92.7
"2016-05-20",82.83,83.188,82.73,82.93,75.6,92.6,74.4,101,77.9,103.4,101.2,74.5,101.6,100.7,85.4,81.3,99.8,101.5,92.7
"2016-05-23",82.91,82.9779,82.6599,82.71,75.6,92.6,74.4,101,77.9,103.4,101.2,74.5,101.6,100.7,85.4,81.3,99.8,101.5,92.7
"2016-05-24",83.14,83.835,83.1037,83.65,75.6,92.6,74.4,101,77.9,103.4,101.2,74.5,101.6,100.7,85.4,81.3,99.8,101.5,92.7
"2016-05-25",84.1063,84.62,84.1063,84.4,75.6,92.6,74.4,101,77.9,103.4,101.2,74.5,101.6,100.7,85.4,81.3,99.8,101.5,92.7
"2016-05-26",84.5,84.56,84.1774,84.29,75.6,92.6,74.4,101,77.9,103.4,101.2,74.5,101.6,100.7,85.4,81.3,99.8,101.5,92.7
"2016-05-27",84.42,84.66,84.3602,84.66,75.6,92.6,74.4,101,77.9,103.4,101.2,74.5,101.6,100.7,85.4,81.3,99.8,101.5,92.7
"2016-05-31",84.7925,84.933,84.221,84.53,75.6,92.6,74.4,101,77.9,103.4,101.2,74.5,101.6,100.7,85.4,81.3,99.8,101.5,92.7
"2016-06-01",84.154,84.815,84.04,84.73,75.6,92.6,74.4,101,77.9,103.4,101.2,74.5,101.6,100.7,85.4,81.3,99.8,101.5,92.7
"2016-06-02",84.48,84.98,84.35,84.96,75.6,92.6,74.4,101,77.9,103.4,101.2,74.5,101.6,100.7,85.4,81.3,99.8,101.5,92.7
"2016-06-03",84.5878,84.87,84.18,84.69,75.6,92.6,74.4,101,77.9,103.4,101.2,74.5,101.6,100.7,85.4,81.3,99.8,101.5,92.7
"2016-06-06",84.9529,85.46,84.94,85.27,75.6,92.6,74.4,101,77.9,103.4,101.2,74.5,101.6,100.7,85.4,81.3,99.8,101.5,92.7
"2016-06-07",85.38,85.75,85.38,85.51,75.6,92.6,74.4,101,77.9,103.4,101.2,74.5,101.6,100.7,85.4,81.3,99.8,101.5,92.7
"2016-06-08",85.64,85.86,85.5519,85.77,75.6,92.6,74.4,101,77.9,103.4,101.2,74.5,101.6,100.7,85.4,81.3,99.8,101.5,92.7
"2016-06-09",85.408,85.682,85.21,85.59,75.6,92.6,74.4,101,77.9,103.4,101.2,74.5,101.6,100.7,85.4,81.3,99.8,101.5,92.7
"2016-06-10",85,85.2242,84.6205,84.88,75.6,92.6,74.4,101,77.9,103.4,101.2,74.5,101.6,100.7,85.4,81.3,99.8,101.5,92.7
"2016-06-13",84.7,84.96,84.1548,84.19,75.6,92.6,74.4,101,77.9,103.4,101.2,74.5,101.6,100.7,85.4,81.3,99.8,101.5,92.7
"2016-06-14",83.5394,83.75,82.97,83.41,75.6,92.6,74.4,101,77.9,103.4,101.2,74.5,101.6,100.7,85.4,81.3,99.8,101.5,92.7
"2016-06-15",83.623,83.88,83.2101,83.3,75.6,92.6,74.4,101,77.9,103.4,101.2,74.5,101.6,100.7,85.4,81.3,99.8,101.5,92.7
"2016-06-16",82.97,83.71,82.48,83.67,75.6,92.6,74.4,101,77.9,103.4,101.2,74.5,101.6,100.7,85.4,81.3,99.8,101.5,92.7
"2016-06-17",83.7,83.79,83.2221,83.63,75.6,92.6,74.4,101,77.9,103.4,101.2,74.5,101.6,100.7,85.4,81.3,99.8,101.5,92.7
"2016-06-20",84.57,84.7499,84.03,84.09,75.6,92.6,74.4,101,77.9,103.4,101.2,74.5,101.6,100.7,85.4,81.3,99.8,101.5,92.7
"2016-06-21",84.3,84.61,84.03,84.39,75.6,92.6,74.4,101,77.9,103.4,101.2,74.5,101.6,100.7,85.4,81.3,99.8,101.5,92.7
"2016-06-22",84.46,84.84,84.24,84.26,75.6,92.6,74.4,101,77.9,103.4,101.2,74.5,101.6,100.7,85.4,81.3,99.8,101.5,92.7
"2016-06-23",85.05,85.49,84.88,85.49,75.6,92.6,74.4,101,77.9,103.4,101.2,74.5,101.6,100.7,85.4,81.3,99.8,101.5,92.7
"2016-06-24",82.69,83.9,82.188,82.35,75.6,92.6,74.4,101,77.9,103.4,101.2,74.5,101.6,100.7,85.4,81.3,99.8,101.5,92.7
"2016-06-27",81.638,81.7,80.43,80.82,75.6,92.6,74.4,101,77.9,103.4,101.2,74.5,101.6,100.7,85.4,81.3,99.8,101.5,92.7
"2016-06-28",81.51,82.15,81.31,82.15,75.6,92.6,74.4,101,77.9,103.4,101.2,74.5,101.6,100.7,85.4,81.3,99.8,101.5,92.7
"2016-06-29",82.99,83.71,82.77,83.62,75.6,92.6,74.4,101,77.9,103.4,101.2,74.5,101.6,100.7,85.4,81.3,99.8,101.5,92.7
"2016-06-30",83.88,85,83.632,84.97,75.6,92.6,74.4,101,77.9,103.4,101.2,74.5,101.6,100.7,85.4,81.3,99.8,101.5,92.7
"2016-07-01",84.88,85.23,84.875,85.12,75.6,92.6,74.4,101,77.9,103.4,101.2,74.5,101.6,100.7,85.4,81.3,99.8,101.5,92.7
"2016-07-05",84.6,84.6,84,84.24,75.6,92.6,74.4,101,77.9,103.4,101.2,74.5,101.6,100.7,85.4,81.3,99.8,101.5,92.7
"2016-07-06",83.93,84.82,83.62,84.78,75.6,92.6,74.4,101,77.9,103.4,101.2,74.5,101.6,100.7,85.4,81.3,99.8,101.5,92.7
"2016-07-07",84.9,85.2299,84.22,84.57,75.6,92.6,74.4,101,77.9,103.4,101.2,74.5,101.6,100.7,85.4,81.3,99.8,101.5,92.7
"2016-07-08",85.25,85.92,85.13,85.83,75.6,92.6,74.4,101,77.9,103.4,101.2,74.5,101.6,100.7,85.4,81.3,99.8,101.5,92.7
"2016-07-11",86.0565,86.3501,85.96,86.11,75.6,92.6,74.4,101,77.9,103.4,101.2,74.5,101.6,100.7,85.4,81.3,99.8,101.5,92.7
"2016-07-12",86.56,86.98,86.542,86.82,75.6,92.6,74.4,101,77.9,103.4,101.2,74.5,101.6,100.7,85.4,81.3,99.8,101.5,92.7
"2016-07-13",86.95,87.0499,86.64,87,75.6,92.6,74.4,101,77.9,103.4,101.2,74.5,101.6,100.7,85.4,81.3,99.8,101.5,92.7
"2016-07-14",87.42,87.729,87.34,87.47,75.6,92.6,74.4,101,77.9,103.4,101.2,74.5,101.6,100.7,85.4,81.3,99.8,101.5,92.7
"2016-07-15",87.69,87.7488,87.13,87.42,75.6,92.6,74.4,101,77.9,103.4,101.2,74.5,101.6,100.7,85.4,81.3,99.8,101.5,92.7
"2016-07-18",87.43,87.6,87.29,87.54,75.6,92.6,74.4,101,77.9,103.4,101.2,74.5,101.6,100.7,85.4,81.3,99.8,101.5,92.7
"2016-07-19",87.34,87.47,87.23,87.45,75.6,92.6,74.4,101,77.9,103.4,101.2,74.5,101.6,100.7,85.4,81.3,99.8,101.5,92.7
"2016-07-20",87.73,87.9,87.48,87.75,75.6,92.6,74.4,101,77.9,103.4,101.2,74.5,101.6,100.7,85.4,81.3,99.8,101.5,92.7
"2016-07-21",87.667,87.8699,87.2974,87.44,75.6,92.6,74.4,101,77.9,103.4,101.2,74.5,101.6,100.7,85.4,81.3,99.8,101.5,92.7
"2016-07-22",87.5499,87.91,87.43,87.88,75.6,92.6,74.4,101,77.9,103.4,101.2,74.5,101.6,100.7,85.4,81.3,99.8,101.5,92.7
"2016-07-25",87.75,87.75,87.2899,87.58,75.6,92.6,74.4,101,77.9,103.4,101.2,74.5,101.6,100.7,85.4,81.3,99.8,101.5,92.7
"2016-07-26",87.59,87.79,87.298,87.66,75.6,92.6,74.4,101,77.9,103.4,101.2,74.5,101.6,100.7,85.4,81.3,99.8,101.5,92.7
"2016-07-27",87.66,87.7,87.05,87.32,75.6,92.6,74.4,101,77.9,103.4,101.2,74.5,101.6,100.7,85.4,81.3,99.8,101.5,92.7
"2016-07-28",87.17,87.43,86.89,87.29,75.6,92.6,74.4,101,77.9,103.4,101.2,74.5,101.6,100.7,85.4,81.3,99.8,101.5,92.7
"2016-07-29",87.04,87.52,86.96,87.38,75.6,92.6,74.4,101,77.9,103.4,101.2,74.5,101.6,100.7,85.4,81.3,99.8,101.5,92.7
"2016-08-01",87.42,87.45,86.8636,87.03,75.6,92.6,74.4,101,77.9,103.4,101.2,74.5,101.6,100.7,85.4,81.3,99.8,101.5,92.7
"2016-08-02",87.03,87.0301,86.1853,86.55,75.6,92.6,74.4,101,77.9,103.4,101.2,74.5,101.6,100.7,85.4,81.3,99.8,101.5,92.7
"2016-08-03",86.55,86.89,86.41,86.87,75.6,92.6,74.4,101,77.9,103.4,101.2,74.5,101.6,100.7,85.4,81.3,99.8,101.5,92.7
"2016-08-04",86.88,87.0876,86.81,86.92,75.6,92.6,74.4,101,77.9,103.4,101.2,74.5,101.6,100.7,85.4,81.3,99.8,101.5,92.7
"2016-08-05",87.42,87.81,87.34,87.81,75.6,92.6,74.4,101,77.9,103.4,101.2,74.5,101.6,100.7,85.4,81.3,99.8,101.5,92.7
"2016-08-08",87.9,88.0399,87.7564,87.86,75.6,92.6,74.4,101,77.9,103.4,101.2,74.5,101.6,100.7,85.4,81.3,99.8,101.5,92.7
"2016-08-09",87.93,88.0702,87.68,87.84,75.6,92.6,74.4,101,77.9,103.4,101.2,74.5,101.6,100.7,85.4,81.3,99.8,101.5,92.7
"2016-08-10",87.89,87.9376,87.41,87.57,75.6,92.6,74.4,101,77.9,103.4,101.2,74.5,101.6,100.7,85.4,81.3,99.8,101.5,92.7
"2016-08-11",87.79,88.12,87.7213,88.02,75.6,92.6,74.4,101,77.9,103.4,101.2,74.5,101.6,100.7,85.4,81.3,99.8,101.5,92.7
"2016-08-12",87.8175,87.9999,87.72,87.92,75.6,92.6,74.4,101,77.9,103.4,101.2,74.5,101.6,100.7,85.4,81.3,99.8,101.5,92.7
"2016-08-15",88.14,88.32,88.13,88.18,75.6,92.6,74.4,101,77.9,103.4,101.2,74.5,101.6,100.7,85.4,81.3,99.8,101.5,92.7
"2016-08-16",87.95,88.02,87.7692,87.81,75.6,92.6,74.4,101,77.9,103.4,101.2,74.5,101.6,100.7,85.4,81.3,99.8,101.5,92.7
"2016-08-17",87.66,88.0399,87.4273,87.96,75.6,92.6,74.4,101,77.9,103.4,101.2,74.5,101.6,100.7,85.4,81.3,99.8,101.5,92.7
"2016-08-18",87.95,88.29,87.93,88.29,75.6,92.6,74.4,101,77.9,103.4,101.2,74.5,101.6,100.7,85.4,81.3,99.8,101.5,92.7
"2016-08-19",88.03,88.1526,87.7201,88.08,75.6,92.6,74.4,101,77.9,103.4,101.2,74.5,101.6,100.7,85.4,81.3,99.8,101.5,92.7
"2016-08-22",87.7077,88.09,87.66,88.01,75.6,92.6,74.4,101,77.9,103.4,101.2,74.5,101.6,100.7,85.4,81.3,99.8,101.5,92.7
"2016-08-23",88.24,88.44,88.13,88.15,75.6,92.6,74.4,101,77.9,103.4,101.2,74.5,101.6,100.7,85.4,81.3,99.8,101.5,92.7
"2016-08-24",88.08,88.1699,87.7002,87.88,75.6,92.6,74.4,101,77.9,103.4,101.2,74.5,101.6,100.7,85.4,81.3,99.8,101.5,92.7
"2016-08-25",87.78,88.01,87.71,87.83,75.6,92.6,74.4,101,77.9,103.4,101.2,74.5,101.6,100.7,85.4,81.3,99.8,101.5,92.7
"2016-08-26",87.92,88.41,87.25,87.6,75.6,92.6,74.4,101,77.9,103.4,101.2,74.5,101.6,100.7,85.4,81.3,99.8,101.5,92.7
"2016-08-29",87.7,88.3,87.7,88.2,75.6,92.6,74.4,101,77.9,103.4,101.2,74.5,101.6,100.7,85.4,81.3,99.8,101.5,92.7
"2016-08-30",88.21,88.3284,87.92,88.13,75.6,92.6,74.4,101,77.9,103.4,101.2,74.5,101.6,100.7,85.4,81.3,99.8,101.5,92.7
"2016-08-31",88.01,88.11,87.5088,87.97,75.6,92.6,74.4,101,77.9,103.4,101.2,74.5,101.6,100.7,85.4,81.3,99.8,101.5,92.7
"2016-09-02",88.19,88.45,88.0201,88.31,75.6,92.6,74.4,101,77.9,103.4,101.2,74.5,101.6,100.7,85.4,81.3,99.8,101.5,92.7
"2016-09-06",88.44,88.46,88,88.45,75.6,92.6,74.4,101,77.9,103.4,101.2,74.5,101.6,100.7,85.4,81.3,99.8,101.5,92.7
"2016-09-07",88.37,88.5514,88.21,88.48,75.6,92.6,74.4,101,77.9,103.4,101.2,74.5,101.6,100.7,85.4,81.3,99.8,101.5,92.7
"2016-09-08",88.3899,88.5954,88.25,88.52,75.6,92.6,74.4,101,77.9,103.4,101.2,74.5,101.6,100.7,85.4,81.3,99.8,101.5,92.7
"2016-09-09",87.8455,87.89,86.48,86.49,75.6,92.6,74.4,101,77.9,103.4,101.2,74.5,101.6,100.7,85.4,81.3,99.8,101.5,92.7
"2016-09-12",86.04,87.79,85.97,87.62,75.6,92.6,74.4,101,77.9,103.4,101.2,74.5,101.6,100.7,85.4,81.3,99.8,101.5,92.7
"2016-09-13",85.92,85.99,85.34,85.61,75.6,92.6,74.4,101,77.9,103.4,101.2,74.5,101.6,100.7,85.4,81.3,99.8,101.5,92.7
"2016-09-14",85.64,86.04,85.07,85.29,75.6,92.6,74.4,101,77.9,103.4,101.2,74.5,101.6,100.7,85.4,81.3,99.8,101.5,92.7
"2016-09-15",85.22,86.2762,85.09,86.1,75.6,92.6,74.4,101,77.9,103.4,101.2,74.5,101.6,100.7,85.4,81.3,99.8,101.5,92.7
"2016-09-16",85.79,85.85,85.4163,85.71,75.6,92.6,74.4,101,77.9,103.4,101.2,74.5,101.6,100.7,85.4,81.3,99.8,101.5,92.7
"2016-09-19",86.05,86.4,85.7,85.86,75.6,92.6,74.4,101,77.9,103.4,101.2,74.5,101.6,100.7,85.4,81.3,99.8,101.5,92.7
"2016-09-20",86.25,86.32,85.75,85.75,75.6,92.6,74.4,101,77.9,103.4,101.2,74.5,101.6,100.7,85.4,81.3,99.8,101.5,92.7
"2016-09-21",86.02,86.79,85.85,86.72,75.6,92.6,74.4,101,77.9,103.4,101.2,74.5,101.6,100.7,85.4,81.3,99.8,101.5,92.7
"2016-09-22",87.1,87.36,86.9561,87.16,75.6,92.6,74.4,101,77.9,103.4,101.2,74.5,101.6,100.7,85.4,81.3,99.8,101.5,92.7
"2016-09-23",86.97,87.07,86.67,86.73,75.6,92.6,74.4,101,77.9,103.4,101.2,74.5,101.6,100.7,85.4,81.3,99.8,101.5,92.7
"2016-09-26",86.39,86.4,85.91,85.96,75.6,92.6,74.4,101,77.9,103.4,101.2,74.5,101.6,100.7,85.4,81.3,99.8,101.5,92.7
"2016-09-27",85.86,86.56,85.75,86.46,75.6,92.6,74.4,101,77.9,103.4,101.2,74.5,101.6,100.7,85.4,81.3,99.8,101.5,92.7
"2016-09-28",86.63,87.19,86.14,87.13,75.6,92.6,74.4,101,77.9,103.4,101.2,74.5,101.6,100.7,85.4,81.3,99.8,101.5,92.7
"2016-09-29",87.0402,87.27,86.01,86.3,75.6,92.6,74.4,101,77.9,103.4,101.2,74.5,101.6,100.7,85.4,81.3,99.8,101.5,92.7
"2016-09-30",86.68,87.31,86.59,87,75.6,92.6,74.4,101,77.9,103.4,101.2,74.5,101.6,100.7,85.4,81.3,99.8,101.5,92.7
"2016-10-03",86.8,86.85,86.49,86.75,75.6,92.6,74.4,101,77.9,103.4,101.2,74.5,101.6,100.7,85.4,81.3,99.8,101.5,92.7
"2016-10-04",86.83,86.88,86.02,86.29,75.6,92.6,74.4,101,77.9,103.4,101.2,74.5,101.6,100.7,85.4,81.3,99.8,101.5,92.7
"2016-10-05",86.6928,87.0557,86.639,86.83,75.6,92.6,74.4,101,77.9,103.4,101.2,74.5,101.6,100.7,85.4,81.3,99.8,101.5,92.7
"2016-10-06",86.74,86.95,86.4226,86.91,75.6,92.6,74.4,101,77.9,103.4,101.2,74.5,101.6,100.7,85.4,81.3,99.8,101.5,92.7
"2016-10-07",86.92,86.99,86.21,86.61,75.6,92.6,74.4,101,77.9,103.4,101.2,74.5,101.6,100.7,85.4,81.3,99.8,101.5,92.7
"2016-10-10",87.01,87.3,86.99,87.09,75.6,92.6,74.4,101,77.9,103.4,101.2,74.5,101.6,100.7,85.4,81.3,99.8,101.5,92.7
"2016-10-11",86.87,86.87,85.6732,86.01,75.6,92.6,74.4,101,77.9,103.4,101.2,74.5,101.6,100.7,85.4,81.3,99.8,101.5,92.7
"2016-10-12",86.08,86.276,85.77,86.07,75.6,92.6,74.4,101,77.9,103.4,101.2,74.5,101.6,100.7,85.4,81.3,99.8,101.5,92.7
"2016-10-13",85.5,85.98,85.01,85.78,75.6,92.6,74.4,101,77.9,103.4,101.2,74.5,101.6,100.7,85.4,81.3,99.8,101.5,92.7
"2016-10-14",86.22,86.4825,85.81,85.85,75.6,92.6,74.4,101,77.9,103.4,101.2,74.5,101.6,100.7,85.4,81.3,99.8,101.5,92.7
"2016-10-17",85.83,86.01,85.505,85.59,75.6,92.6,74.4,101,77.9,103.4,101.2,74.5,101.6,100.7,85.4,81.3,99.8,101.5,92.7
"2016-10-18",86.32,86.32,85.8676,86.07,75.6,92.6,74.4,101,77.9,103.4,101.2,74.5,101.6,100.7,85.4,81.3,99.8,101.5,92.7
"2016-10-19",86.21,86.48,85.99,86.28,75.6,92.6,74.4,101,77.9,103.4,101.2,74.5,101.6,100.7,85.4,81.3,99.8,101.5,92.7
"2016-10-20",86.08,86.3724,85.8,86.1,75.6,92.6,74.4,101,77.9,103.4,101.2,74.5,101.6,100.7,85.4,81.3,99.8,101.5,92.7
"2016-10-21",85.7093,86.0462,85.59,85.94,75.6,92.6,74.4,101,77.9,103.4,101.2,74.5,101.6,100.7,85.4,81.3,99.8,101.5,92.7
"2016-10-24",86.3418,86.4699,86.0462,86.23,75.6,92.6,74.4,101,77.9,103.4,101.2,74.5,101.6,100.7,85.4,81.3,99.8,101.5,92.7
"2016-10-25",86.22,86.495,86.0886,86.18,75.6,92.6,74.4,101,77.9,103.4,101.2,74.5,101.6,100.7,85.4,81.3,99.8,101.5,92.7
"2016-10-26",85.92,86.57,85.88,86.34,75.6,92.6,74.4,101,77.9,103.4,101.2,74.5,101.6,100.7,85.4,81.3,99.8,101.5,92.7
"2016-10-27",86.62,86.62,86.13,86.27,75.6,92.6,74.4,101,77.9,103.4,101.2,74.5,101.6,100.7,85.4,81.3,99.8,101.5,92.7
"2016-10-28",86.2,86.53,85.61,85.97,75.6,92.6,74.4,101,77.9,103.4,101.2,74.5,101.6,100.7,85.4,81.3,99.8,101.5,92.7
"2016-10-31",86.12,86.35,86,86.05,75.6,92.6,74.4,101,77.9,103.4,101.2,74.5,101.6,100.7,85.4,81.3,99.8,101.5,92.7
"2016-11-01",86.17,86.27,84.98,85.54,75.6,92.6,74.4,101,77.9,103.4,101.2,74.5,101.6,100.7,85.4,81.3,99.8,101.5,92.7
"2016-11-02",85.35,85.4528,84.8101,85.1,75.6,92.6,74.4,101,77.9,103.4,101.2,74.5,101.6,100.7,85.4,81.3,99.8,101.5,92.7
"2016-11-03",85.11,85.333,84.66,84.78,75.6,92.6,74.4,101,77.9,103.4,101.2,74.5,101.6,100.7,85.4,81.3,99.8,101.5,92.7
"2016-11-04",84.81,85.1914,84.58,84.65,75.6,92.6,74.4,101,77.9,103.4,101.2,74.5,101.6,100.7,85.4,81.3,99.8,101.5,92.7
"2016-11-07",85.8214,86.5,85.76,86.49,75.6,92.6,74.4,101,77.9,103.4,101.2,74.5,101.6,100.7,85.4,81.3,99.8,101.5,92.7
"2016-11-08",86.27,87.07,86.11,86.78,75.6,92.6,74.4,101,77.9,103.4,101.2,74.5,101.6,100.7,85.4,81.3,99.8,101.5,92.7
"2016-11-09",87.0443,88.6567,86.72,88.26,75.6,92.6,74.4,101,77.9,103.4,101.2,74.5,101.6,100.7,85.4,81.3,99.8,101.5,92.7
"2016-11-10",88.78,89.5,88.3702,89.12,75.6,92.6,74.4,101,77.9,103.4,101.2,74.5,101.6,100.7,85.4,81.3,99.8,101.5,92.7
"2016-11-11",88.93,89.09,88.45,89.03,75.6,92.6,74.4,101,77.9,103.4,101.2,74.5,101.6,100.7,85.4,81.3,99.8,101.5,92.7
"2016-11-14",89.26,89.77,89.22,89.61,75.6,92.6,74.4,101,77.9,103.4,101.2,74.5,101.6,100.7,85.4,81.3,99.8,101.5,92.7
"2016-11-15",89.67,90.27,89.45,90.26,75.6,92.6,74.4,101,77.9,103.4,101.2,74.5,101.6,100.7,85.4,81.3,99.8,101.5,92.7
"2016-11-16",89.98,90.08,89.57,89.77,75.6,92.6,74.4,101,77.9,103.4,101.2,74.5,101.6,100.7,85.4,81.3,99.8,101.5,92.7
"2016-11-17",89.788,90.2,89.788,90.12,75.6,92.6,74.4,101,77.9,103.4,101.2,74.5,101.6,100.7,85.4,81.3,99.8,101.5,92.7
"2016-11-18",90.13,90.25,89.8623,89.94,75.6,92.6,74.4,101,77.9,103.4,101.2,74.5,101.6,100.7,85.4,81.3,99.8,101.5,92.7
"2016-11-21",90.3076,90.57,90.21,90.57,75.6,92.6,74.4,101,77.9,103.4,101.2,74.5,101.6,100.7,85.4,81.3,99.8,101.5,92.7
"2016-11-22",90.74,90.91,90.43,90.83,75.6,92.6,74.4,101,77.9,103.4,101.2,74.5,101.6,100.7,85.4,81.3,99.8,101.5,92.7
"2016-11-23",90.55,90.99,90.5381,90.94,75.6,92.6,74.4,101,77.9,103.4,101.2,74.5,101.6,100.7,85.4,81.3,99.8,101.5,92.7
"2016-11-25",91.16,91.41,91.06,91.41,75.6,92.6,74.4,101,77.9,103.4,101.2,74.5,101.6,100.7,85.4,81.3,99.8,101.5,92.7
"2016-11-28",91.17,91.3,90.87,90.95,75.6,92.6,74.4,101,77.9,103.4,101.2,74.5,101.6,100.7,85.4,81.3,99.8,101.5,92.7
"2016-11-29",90.9,91.1965,90.75,90.99,75.6,92.6,74.4,101,77.9,103.4,101.2,74.5,101.6,100.7,85.4,81.3,99.8,101.5,92.7
"2016-11-30",91.43,91.64,91.21,91.21,75.6,92.6,74.4,101,77.9,103.4,101.2,74.5,101.6,100.7,85.4,81.3,99.8,101.5,92.7
"2016-12-01",91.49,91.75,91.296,91.46,75.6,92.6,74.4,101,77.9,103.4,101.2,74.5,101.6,100.7,85.4,81.3,99.8,101.5,92.7
"2016-12-02",91.45,91.6167,91.21,91.35,75.6,92.6,74.4,101,77.9,103.4,101.2,74.5,101.6,100.7,85.4,81.3,99.8,101.5,92.7
"2016-12-05",91.77,92.01,91.59,91.85,75.6,92.6,74.4,101,77.9,103.4,101.2,74.5,101.6,100.7,85.4,81.3,99.8,101.5,92.7
"2016-12-06",91.9608,92.25,91.6457,92.23,75.6,92.6,74.4,101,77.9,103.4,101.2,74.5,101.6,100.7,85.4,81.3,99.8,101.5,92.7
"2016-12-07",92.26,93.52,92.12,93.46,75.6,92.6,74.4,101,77.9,103.4,101.2,74.5,101.6,100.7,85.4,81.3,99.8,101.5,92.7
"2016-12-08",93.49,93.9979,93.3,93.64,75.6,92.6,74.4,101,77.9,103.4,101.2,74.5,101.6,100.7,85.4,81.3,99.8,101.5,92.7
"2016-12-09",93.73,94.2164,93.62,94.19,75.6,92.6,74.4,101,77.9,103.4,101.2,74.5,101.6,100.7,85.4,81.3,99.8,101.5,92.7
"2016-12-12",94.3349,94.61,94.0814,94.24,75.6,92.6,74.4,101,77.9,103.4,101.2,74.5,101.6,100.7,85.4,81.3,99.8,101.5,92.7
"2016-12-13",94.58,94.93,94.29,94.73,75.6,92.6,74.4,101,77.9,103.4,101.2,74.5,101.6,100.7,85.4,81.3,99.8,101.5,92.7
"2016-12-14",94.5,94.9085,93.61,93.84,75.6,92.6,74.4,101,77.9,103.4,101.2,74.5,101.6,100.7,85.4,81.3,99.8,101.5,92.7
"2016-12-15",93.97,94.71,93.8786,94.31,75.6,92.6,74.4,101,77.9,103.4,101.2,74.5,101.6,100.7,85.4,81.3,99.8,101.5,92.7
"2016-12-16",94.57,94.59,94.07,94.2,75.6,92.6,74.4,101,77.9,103.4,101.2,74.5,101.6,100.7,85.4,81.3,99.8,101.5,92.7
"2016-12-19",94.2738,94.5,94.12,94.45,75.6,92.6,74.4,101,77.9,103.4,101.2,74.5,101.6,100.7,85.4,81.3,99.8,101.5,92.7
"2016-12-20",94.5714,94.89,94.5714,94.76,75.6,92.6,74.4,101,77.9,103.4,101.2,74.5,101.6,100.7,85.4,81.3,99.8,101.5,92.7
"2016-12-21",94.75,94.81,94.55,94.57,75.6,92.6,74.4,101,77.9,103.4,101.2,74.5,101.6,100.7,85.4,81.3,99.8,101.5,92.7
"2016-12-22",93.74,93.875,93.63,93.82,75.6,92.6,74.4,101,77.9,103.4,101.2,74.5,101.6,100.7,85.4,81.3,99.8,101.5,92.7
"2016-12-23",93.81,93.89,93.6968,93.89,75.6,92.6,74.4,101,77.9,103.4,101.2,74.5,101.6,100.7,85.4,81.3,99.8,101.5,92.7
"2016-12-27",93.9618,94.148,93.9618,94.01,75.6,92.6,74.4,101,77.9,103.4,101.2,74.5,101.6,100.7,85.4,81.3,99.8,101.5,92.7
"2016-12-28",94.16,94.18,93.19,93.23,75.6,92.6,74.4,101,77.9,103.4,101.2,74.5,101.6,100.7,85.4,81.3,99.8,101.5,92.7
"2016-12-29",93.35,93.45,92.97,93.19,75.6,92.6,74.4,101,77.9,103.4,101.2,74.5,101.6,100.7,85.4,81.3,99.8,101.5,92.7
"2016-12-30",93.34,93.35,92.6599,93.01,75.6,92.6,74.4,101,77.9,103.4,101.2,74.5,101.6,100.7,85.4,81.3,99.8,101.5,92.7
"2017-01-03",93.7094,93.87,93.09,93.63,75.6,92.6,74.4,101,77.9,103.4,101.2,74.5,101.6,100.7,85.4,81.3,99.8,101.5,92.7
"2017-01-04",93.85,94.21,93.83,94.14,75.6,92.6,74.4,101,77.9,103.4,101.2,74.5,101.6,100.7,85.4,81.3,99.8,101.5,92.7
"2017-01-05",93.89,94.01,93.44,93.79,75.6,92.6,74.4,101,77.9,103.4,101.2,74.5,101.6,100.7,85.4,81.3,99.8,101.5,92.7
"2017-01-06",93.851,94.14,93.51,93.88,75.6,92.6,74.4,101,77.9,103.4,101.2,74.5,101.6,100.7,85.4,81.3,99.8,101.5,92.7
"2017-01-09",93.6396,93.68,93.32,93.37,75.6,92.6,74.4,101,77.9,103.4,101.2,74.5,101.6,100.7,85.4,81.3,99.8,101.5,92.7
"2017-01-10",93.38,93.84,93.16,93.36,75.6,92.6,74.4,101,77.9,103.4,101.2,74.5,101.6,100.7,85.4,81.3,99.8,101.5,92.7
"2017-01-11",93.3899,93.7,93.11,93.7,75.6,92.6,74.4,101,77.9,103.4,101.2,74.5,101.6,100.7,85.4,81.3,99.8,101.5,92.7
"2017-01-12",93.56,93.56,92.78,93.42,75.6,92.6,74.4,101,77.9,103.4,101.2,74.5,101.6,100.7,85.4,81.3,99.8,101.5,92.7
"2017-01-13",93.56,93.85,93.37,93.55,75.6,92.6,74.4,101,77.9,103.4,101.2,74.5,101.6,100.7,85.4,81.3,99.8,101.5,92.7
"2017-01-17",93.233,93.33,92.84,93.05,75.6,92.6,74.4,101,77.9,103.4,101.2,74.5,101.6,100.7,85.4,81.3,99.8,101.5,92.7
"2017-01-18",93.2,93.21,92.85,93.21,75.6,92.6,74.4,101,77.9,103.4,101.2,74.5,101.6,100.7,85.4,81.3,99.8,101.5,92.7
"2017-01-19",93.34,93.34,92.5751,92.81,75.6,92.6,74.4,101,77.9,103.4,101.2,74.5,101.6,100.7,85.4,81.3,99.8,101.5,92.7
"2017-01-20",93.25,93.48,92.98,93.24,75.6,92.6,74.4,101,77.9,103.4,101.2,74.5,101.6,100.7,85.4,81.3,99.8,101.5,92.7
"2017-01-23",93.08,93.26,92.58,92.92,75.6,92.6,74.4,101,77.9,103.4,101.2,74.5,101.6,100.7,85.4,81.3,99.8,101.5,92.7
"2017-01-24",92.898,93.8,92.87,93.6,75.6,92.6,74.4,101,77.9,103.4,101.2,74.5,101.6,100.7,85.4,81.3,99.8,101.5,92.7
"2017-01-25",94.06,94.35,93.91,94.3,75.6,92.6,74.4,101,77.9,103.4,101.2,74.5,101.6,100.7,85.4,81.3,99.8,101.5,92.7
"2017-01-26",94.2045,94.41,94.08,94.26,75.6,92.6,74.4,101,77.9,103.4,101.2,74.5,101.6,100.7,85.4,81.3,99.8,101.5,92.7
"2017-01-27",94.3,94.3,94.03,94.13,75.6,92.6,74.4,101,77.9,103.4,101.2,74.5,101.6,100.7,85.4,81.3,99.8,101.5,92.7
"2017-01-30",93.74,93.7906,93.07,93.52,75.6,92.6,74.4,101,77.9,103.4,101.2,74.5,101.6,100.7,85.4,81.3,99.8,101.5,92.7
"2017-01-31",93.406,93.49,92.985,93.47,75.6,92.6,74.4,101,77.9,103.4,101.2,74.5,101.6,100.7,85.4,81.3,99.8,101.5,92.7
"2017-02-01",93.7208,93.8299,93,93.2,75.6,92.6,74.4,101,77.9,103.4,101.2,74.5,101.6,100.7,85.4,81.3,99.8,101.5,92.7
"2017-02-02",93,93.29,92.86,93.23,75.6,92.6,74.4,101,77.9,103.4,101.2,74.5,101.6,100.7,85.4,81.3,99.8,101.5,92.7
"2017-02-03",93.82,94.15,93.55,94.08,75.6,92.6,74.4,101,77.9,103.4,101.2,74.5,101.6,100.7,85.4,81.3,99.8,101.5,92.7
"2017-02-06",93.96,94.1126,93.71,93.87,75.6,92.6,74.4,101,77.9,103.4,101.2,74.5,101.6,100.7,85.4,81.3,99.8,101.5,92.7
"2017-02-07",94.0223,94.11,93.59,93.69,75.6,92.6,74.4,101,77.9,103.4,101.2,74.5,101.6,100.7,85.4,81.3,99.8,101.5,92.7
"2017-02-08",93.51,93.72,93.34,93.69,75.6,92.6,74.4,101,77.9,103.4,101.2,74.5,101.6,100.7,85.4,81.3,99.8,101.5,92.7
"2017-02-09",93.89,94.47,93.83,94.29,75.6,92.6,74.4,101,77.9,103.4,101.2,74.5,101.6,100.7,85.4,81.3,99.8,101.5,92.7
"2017-02-10",94.51,94.81,94.43,94.66,75.6,92.6,74.4,101,77.9,103.4,101.2,74.5,101.6,100.7,85.4,81.3,99.8,101.5,92.7
"2017-02-13",94.94,95.44,94.94,95.3,75.6,92.6,74.4,101,77.9,103.4,101.2,74.5,101.6,100.7,85.4,81.3,99.8,101.5,92.7
"2017-02-14",95.21,95.75,95.09,95.74,75.6,92.6,74.4,101,77.9,103.4,101.2,74.5,101.6,100.7,85.4,81.3,99.8,101.5,92.7
"2017-02-15",95.6776,96.3054,95.6,96.18,75.6,92.6,74.4,101,77.9,103.4,101.2,74.5,101.6,100.7,85.4,81.3,99.8,101.5,92.7
"2017-02-16",96.2225,96.3235,95.8202,96.18,75.6,92.6,74.4,101,77.9,103.4,101.2,74.5,101.6,100.7,85.4,81.3,99.8,101.5,92.7
"2017-02-17",95.77,96.19,95.66,96.18,75.6,92.6,74.4,101,77.9,103.4,101.2,74.5,101.6,100.7,85.4,81.3,99.8,101.5,92.7
"2017-02-21",96.3,96.88,96.3,96.77,75.6,92.6,74.4,101,77.9,103.4,101.2,74.5,101.6,100.7,85.4,81.3,99.8,101.5,92.7
"2017-02-22",96.63,96.7932,96.46,96.7,75.6,92.6,74.4,101,77.9,103.4,101.2,74.5,101.6,100.7,85.4,81.3,99.8,101.5,92.7
"2017-02-23",96.96,97,96.51,96.91,75.6,92.6,74.4,101,77.9,103.4,101.2,74.5,101.6,100.7,85.4,81.3,99.8,101.5,92.7
"2017-02-24",96.46,96.94,96.46,96.92,75.6,92.6,74.4,101,77.9,103.4,101.2,74.5,101.6,100.7,85.4,81.3,99.8,101.5,92.7
"2017-02-27",96.88,97.13,96.77,97.02,75.6,92.6,74.4,101,77.9,103.4,101.2,74.5,101.6,100.7,85.4,81.3,99.8,101.5,92.7
"2017-02-28",96.83,96.97,96.59,96.82,75.6,92.6,74.4,101,77.9,103.4,101.2,74.5,101.6,100.7,85.4,81.3,99.8,101.5,92.7
"2017-03-01",97.63,98.5,97.63,98.24,75.6,92.6,74.4,101,77.9,103.4,101.2,74.5,101.6,100.7,85.4,81.3,99.8,101.5,92.7
"2017-03-02",98.13,98.13,97.48,97.52,75.6,92.6,74.4,101,77.9,103.4,101.2,74.5,101.6,100.7,85.4,81.3,99.8,101.5,92.7
"2017-03-03",97.52,97.66,97.35,97.55,75.6,92.6,74.4,101,77.9,103.4,101.2,74.5,101.6,100.7,85.4,81.3,99.8,101.5,92.7
"2017-03-06",97.16,97.38,96.9501,97.22,75.6,92.6,74.4,101,77.9,103.4,101.2,74.5,101.6,100.7,85.4,81.3,99.8,101.5,92.7
"2017-03-07",97.12,97.1901,96.8,96.88,75.6,92.6,74.4,101,77.9,103.4,101.2,74.5,101.6,100.7,85.4,81.3,99.8,101.5,92.7
"2017-03-08",96.9805,97.16,96.56,96.64,75.6,92.6,74.4,101,77.9,103.4,101.2,74.5,101.6,100.7,85.4,81.3,99.8,101.5,92.7
"2017-03-09",96.6784,96.924,96.32,96.72,75.6,92.6,74.4,101,77.9,103.4,101.2,74.5,101.6,100.7,85.4,81.3,99.8,101.5,92.7
"2017-03-10",97.24,97.24,96.61,97.03,75.6,92.6,74.4,101,77.9,103.4,101.2,74.5,101.6,100.7,85.4,81.3,99.8,101.5,92.7
"2017-03-13",97,97.1,96.8,96.95,75.6,92.6,74.4,101,77.9,103.4,101.2,74.5,101.6,100.7,85.4,81.3,99.8,101.5,92.7
"2017-03-14",96.73,96.73,96.25,96.58,75.6,92.6,74.4,101,77.9,103.4,101.2,74.5,101.6,100.7,85.4,81.3,99.8,101.5,92.7
"2017-03-15",96.892,97.5871,96.78,97.4,75.6,92.6,74.4,101,77.9,103.4,101.2,74.5,101.6,100.7,85.4,81.3,99.8,101.5,92.7
"2017-03-16",97.45,97.57,97.08,97.26,75.6,92.6,74.4,101,77.9,103.4,101.2,74.5,101.6,100.7,85.4,81.3,99.8,101.5,92.7
"2017-03-17",97.4,97.4,97.01,97.01,75.6,92.6,74.4,101,77.9,103.4,101.2,74.5,101.6,100.7,85.4,81.3,99.8,101.5,92.7
"2017-03-20",96.92,97.01,96.62,96.72,75.6,92.6,74.4,101,77.9,103.4,101.2,74.5,101.6,100.7,85.4,81.3,99.8,101.5,92.7
"2017-03-21",96.93,97.03,95.29,95.35,75.6,92.6,74.4,101,77.9,103.4,101.2,74.5,101.6,100.7,85.4,81.3,99.8,101.5,92.7
"2017-03-22",95.28,95.66,95.03,95.45,75.6,92.6,74.4,101,77.9,103.4,101.2,74.5,101.6,100.7,85.4,81.3,99.8,101.5,92.7
"2017-03-23",95.32,96.028,95.21,95.43,75.6,92.6,74.4,101,77.9,103.4,101.2,74.5,101.6,100.7,85.4,81.3,99.8,101.5,92.7
"2017-03-24",95.02,95.25,94.32,94.7,75.6,92.6,74.4,101,77.9,103.4,101.2,74.5,101.6,100.7,85.4,81.3,99.8,101.5,92.7
"2017-03-27",93.7,94.5967,93.67,94.46,75.6,92.6,74.4,101,77.9,103.4,101.2,74.5,101.6,100.7,85.4,81.3,99.8,101.5,92.7
"2017-03-28",94.27,95.46,94.27,95.25,75.6,92.6,74.4,101,77.9,103.4,101.2,74.5,101.6,100.7,85.4,81.3,99.8,101.5,92.7
"2017-03-29",95.16,95.3571,94.92,95.21,75.6,92.6,74.4,101,77.9,103.4,101.2,74.5,101.6,100.7,85.4,81.3,99.8,101.5,92.7
"2017-03-30",95.16,95.78,95.15,95.68,75.6,92.6,74.4,101,77.9,103.4,101.2,74.5,101.6,100.7,85.4,81.3,99.8,101.5,92.7
"2017-03-31",95.51,95.71,95.37,95.37,75.6,92.6,74.4,101,77.9,103.4,101.2,74.5,101.6,100.7,85.4,81.3,99.8,101.5,92.7
"2017-04-13",94.37,94.77,93.9,93.91,75.6,92.6,74.4,101,77.9,103.4,101.2,74.5,101.6,100.7,85.4,81.3,99.8,101.5,92.7
"2017-04-18",94.24,94.51,93.92,94.26,75.6,92.6,74.4,101,77.9,103.4,101.2,74.5,101.6,100.7,85.4,81.3,99.8,101.5,92.7
"2017-04-19",94.58,94.61,93.81,93.93,75.6,92.6,74.4,101,77.9,103.4,101.2,74.5,101.6,100.7,85.4,81.3,99.8,101.5,92.7
"2017-04-20",94.26,94.94,94.06,94.73,75.6,92.6,74.4,101,77.9,103.4,101.2,74.5,101.6,100.7,85.4,81.3,99.8,101.5,92.7
"2017-04-21",94.66,94.73,94.1953,94.36,75.6,92.6,74.4,101,77.9,103.4,101.2,74.5,101.6,100.7,85.4,81.3,99.8,101.5,92.7
"2017-04-24",95.4899,95.6044,95.25,95.49,75.6,92.6,74.4,101,77.9,103.4,101.2,74.5,101.6,100.7,85.4,81.3,99.8,101.5,92.7
"2017-04-25",95.88,96.18,95.79,95.99,75.6,92.6,74.4,101,77.9,103.4,101.2,74.5,101.6,100.7,85.4,81.3,99.8,101.5,92.7
"2017-04-26",95.84,96.405,95.82,95.91,75.6,92.6,74.4,101,77.9,103.4,101.2,74.5,101.6,100.7,85.4,81.3,99.8,101.5,92.7
"2017-04-27",95.9626,95.9626,95.44,95.72,75.6,92.6,74.4,101,77.9,103.4,101.2,74.5,101.6,100.7,85.4,81.3,99.8,101.5,92.7
"2017-04-28",95.8,95.82,95.27,95.35,75.6,92.6,74.4,101,77.9,103.4,101.2,74.5,101.6,100.7,85.4,81.3,99.8,101.5,92.7
"2017-05-01",95.56,95.62,95.2,95.36,75.6,92.6,74.4,101,77.9,103.4,101.2,74.5,101.6,100.7,85.4,81.3,99.8,101.5,92.7
"2017-05-02",95.47,95.5,95.1,95.27,75.6,92.6,74.4,101,77.9,103.4,101.2,74.5,101.6,100.7,85.4,81.3,99.8,101.5,92.7
"2017-05-03",95.14,95.43,95.01,95.35,75.6,92.6,74.4,101,77.9,103.4,101.2,74.5,101.6,100.7,85.4,81.3,99.8,101.5,92.7
"2017-05-04",95.56,95.6,94.98,95.35,75.6,92.6,74.4,101,77.9,103.4,101.2,74.5,101.6,100.7,85.4,81.3,99.8,101.5,92.7
"2017-05-05",95.49,95.74,95.34,95.74,75.6,92.6,74.4,101,77.9,103.4,101.2,74.5,101.6,100.7,85.4,81.3,99.8,101.5,92.7
"2017-05-08",95.75,95.81,95.51,95.64,75.6,92.6,74.4,101,77.9,103.4,101.2,74.5,101.6,100.7,85.4,81.3,99.8,101.5,92.7
"2017-05-09",95.72,95.77,95.2,95.36,75.6,92.6,74.4,101,77.9,103.4,101.2,74.5,101.6,100.7,85.4,81.3,99.8,101.5,92.7
"2017-05-10",95.32,95.63,95.29,95.6,75.6,92.6,74.4,101,77.9,103.4,101.2,74.5,101.6,100.7,85.4,81.3,99.8,101.5,92.7
"2017-05-11",95.41,95.5,94.87,95.32,75.6,92.6,74.4,101,77.9,103.4,101.2,74.5,101.6,100.7,85.4,81.3,99.8,101.5,92.7
"2017-05-12",95.12,95.12,94.83,94.96,75.6,92.6,74.4,101,77.9,103.4,101.2,74.5,101.6,100.7,85.4,81.3,99.8,101.5,92.7
"2017-05-15",95.2,95.56,95.2,95.5,75.6,92.6,74.4,101,77.9,103.4,101.2,74.5,101.6,100.7,85.4,81.3,99.8,101.5,92.7
"2017-05-16",95.61,95.65,95.24,95.43,75.6,92.6,74.4,101,77.9,103.4,101.2,74.5,101.6,100.7,85.4,81.3,99.8,101.5,92.7
"2017-05-17",94.61,94.79,93.7,93.75,75.6,92.6,74.4,101,77.9,103.4,101.2,74.5,101.6,100.7,85.4,81.3,99.8,101.5,92.7
"2017-05-18",93.54,94.34,93.39,93.88,75.6,92.6,74.4,101,77.9,103.4,101.2,74.5,101.6,100.7,85.4,81.3,99.8,101.5,92.7
"2017-05-19",94.12,94.91,94.02,94.59,75.6,92.6,74.4,101,77.9,103.4,101.2,74.5,101.6,100.7,85.4,81.3,99.8,101.5,92.7
"2017-05-22",94.85,95.08,94.72,95,75.6,92.6,74.4,101,77.9,103.4,101.2,74.5,101.6,100.7,85.4,81.3,99.8,101.5,92.7
"2017-05-23",95.16,95.45,95.01,95.35,75.6,92.6,74.4,101,77.9,103.4,101.2,74.5,101.6,100.7,85.4,81.3,99.8,101.5,92.7
"2017-05-24",95.48,95.5,95.18,95.44,75.6,92.6,74.4,101,77.9,103.4,101.2,74.5,101.6,100.7,85.4,81.3,99.8,101.5,92.7
"2017-05-25",95.65,95.89,95.53,95.69,75.6,92.6,74.4,101,77.9,103.4,101.2,74.5,101.6,100.7,85.4,81.3,99.8,101.5,92.7
"2017-05-26",95.63,95.78,95.54,95.71,75.6,92.6,74.4,101,77.9,103.4,101.2,74.5,101.6,100.7,85.4,81.3,99.8,101.5,92.7
"2017-05-30",95.5,95.66,95.38,95.54,75.6,92.6,74.4,101,77.9,103.4,101.2,74.5,101.6,100.7,85.4,81.3,99.8,101.5,92.7
"2017-05-31",95.59,95.62,95.11,95.43,75.6,92.6,74.4,101,77.9,103.4,101.2,74.5,101.6,100.7,85.4,81.3,99.8,101.5,92.7
"2017-06-01",95.66,96.27,95.5,96.27,75.6,92.6,74.4,101,77.9,103.4,101.2,74.5,101.6,100.7,85.4,81.3,99.8,101.5,92.7
"2017-06-02",96.23,96.44,96.05,96.3,75.6,92.6,74.4,101,77.9,103.4,101.2,74.5,101.6,100.7,85.4,81.3,99.8,101.5,92.7
"2017-06-05",96.33,96.48,96.22,96.28,75.6,92.6,74.4,101,77.9,103.4,101.2,74.5,101.6,100.7,85.4,81.3,99.8,101.5,92.7
"2017-06-06",95.97,96.3,95.86,96.09,75.6,92.6,74.4,101,77.9,103.4,101.2,74.5,101.6,100.7,85.4,81.3,99.8,101.5,92.7
"2017-06-07",96.24,96.31,95.92,96.2,75.6,92.6,74.4,101,77.9,103.4,101.2,74.5,101.6,100.7,85.4,81.3,99.8,101.5,92.7
"2017-06-08",96.19,96.66,96.13,96.32,75.6,92.6,74.4,101,77.9,103.4,101.2,74.5,101.6,100.7,85.4,81.3,99.8,101.5,92.7
"2017-06-09",96.49,97.11,96.43,97.08,75.6,92.6,74.4,101,77.9,103.4,101.2,74.5,101.6,100.7,85.4,81.3,99.8,101.5,92.7
"2017-06-12",97.13,97.5,96.96,97.22,75.6,92.6,74.4,101,77.9,103.4,101.2,74.5,101.6,100.7,85.4,81.3,99.8,101.5,92.7
"2017-06-13",97.39,97.62,97.27,97.58,75.6,92.6,74.4,101,77.9,103.4,101.2,74.5,101.6,100.7,85.4,81.3,99.8,101.5,92.7
"2017-06-14",97.62,97.62,97.16,97.48,75.6,92.6,74.4,101,77.9,103.4,101.2,74.5,101.6,100.7,85.4,81.3,99.8,101.5,92.7
"2017-06-15",97.01,97.38,96.98,97.33,75.6,92.6,74.4,101,77.9,103.4,101.2,74.5,101.6,100.7,85.4,81.3,99.8,101.5,92.7
"2017-06-16",97.35,97.48,97.01,97.48,75.6,92.6,74.4,101,77.9,103.4,101.2,74.5,101.6,100.7,85.4,81.3,99.8,101.5,92.7
"2017-06-19",97.74,98.07,97.72,98.02,75.6,92.6,74.4,101,77.9,103.4,101.2,74.5,101.6,100.7,85.4,81.3,99.8,101.5,92.7
"2017-06-20",97.78,97.83,97.37,97.38,75.6,92.6,74.4,101,77.9,103.4,101.2,74.5,101.6,100.7,85.4,81.3,99.8,101.5,92.7
"2017-06-21",97.44,97.48,96.84,97,75.6,92.6,74.4,101,77.9,103.4,101.2,74.5,101.6,100.7,85.4,81.3,99.8,101.5,92.7
"2017-06-22",97.05,97.23,96.88,96.9,75.6,92.6,74.4,101,77.9,103.4,101.2,74.5,101.6,100.7,85.4,81.3,99.8,101.5,92.7
"2017-06-23",96.46,96.58,96.21,96.39,75.6,92.6,74.4,101,77.9,103.4,101.2,74.5,101.6,100.7,85.4,81.3,99.8,101.5,92.7
"2017-06-26",96.68,96.95,96.5,96.61,75.6,92.6,74.4,101,77.9,103.4,101.2,74.5,101.6,100.7,85.4,81.3,99.8,101.5,92.7
"2017-06-27",96.58,96.82,96.14,96.14,75.6,92.6,74.4,101,77.9,103.4,101.2,74.5,101.6,100.7,85.4,81.3,99.8,101.5,92.7
"2017-06-28",96.63,97.02,96.63,96.82,75.6,92.6,74.4,101,77.9,103.4,101.2,74.5,101.6,100.7,85.4,81.3,99.8,101.5,92.7
"2017-06-29",97.22,97.28,95.89,96.34,75.6,92.6,74.4,101,77.9,103.4,101.2,74.5,101.6,100.7,85.4,81.3,99.8,101.5,92.7
"2017-06-30",96.78,96.88,96.39,96.54,75.6,92.6,74.4,101,77.9,103.4,101.2,74.5,101.6,100.7,85.4,81.3,99.8,101.5,92.7
"2017-07-03",96.93,97.6,96.93,97.17,75.6,92.6,74.4,101,77.9,103.4,101.2,74.5,101.6,100.7,85.4,81.3,99.8,101.5,92.7
"2017-07-05",97.35,97.37,96.82,97.19,75.6,92.6,74.4,101,77.9,103.4,101.2,74.5,101.6,100.7,85.4,81.3,99.8,101.5,92.7
"2017-07-06",96.93,96.98,96.21,96.29,75.6,92.6,74.4,101,77.9,103.4,101.2,74.5,101.6,100.7,85.4,81.3,99.8,101.5,92.7
"2017-07-07",96.52,96.8,96.32,96.73,75.6,92.6,74.4,101,77.9,103.4,101.2,74.5,101.6,100.7,85.4,81.3,99.8,101.5,92.7
"2017-07-10",96.64,96.84,96.54,96.66,75.6,92.6,74.4,101,77.9,103.4,101.2,74.5,101.6,100.7,85.4,81.3,99.8,101.5,92.7
"2017-07-11",96.66,96.7,96.03,96.46,75.6,92.6,74.4,101,77.9,103.4,101.2,74.5,101.6,100.7,85.4,81.3,99.8,101.5,92.7
"2017-07-12",96.85,97.15,96.85,97.01,75.6,92.6,74.4,101,77.9,103.4,101.2,74.5,101.6,100.7,85.4,81.3,99.8,101.5,92.7
"2017-07-13",97.11,97.23,96.91,97.2,75.6,92.6,74.4,101,77.9,103.4,101.2,74.5,101.6,100.7,85.4,81.3,99.8,101.5,92.7
"2017-07-14",97.11,97.72,96.95,97.51,75.6,92.6,74.4,101,77.9,103.4,101.2,74.5,101.6,100.7,85.4,81.3,99.8,101.5,92.7
"2017-07-17",97.46,97.67,97.37,97.53,75.6,92.6,74.4,101,77.9,103.4,101.2,74.5,101.6,100.7,85.4,81.3,99.8,101.5,92.7
"2017-07-18",97.35,97.38,97.02,97.36,75.6,92.6,74.4,101,77.9,103.4,101.2,74.5,101.6,100.7,85.4,81.3,99.8,101.5,92.7
"2017-07-19",97.47,97.78,97.41,97.78,75.6,92.6,74.4,101,77.9,103.4,101.2,74.5,101.6,100.7,85.4,81.3,99.8,101.5,92.7
"2017-07-20",97.94,98.01,97.66,97.88,75.6,92.6,74.4,101,77.9,103.4,101.2,74.5,101.6,100.7,85.4,81.3,99.8,101.5,92.7
"2017-07-21",97.59,97.81,97.37,97.69,75.6,92.6,74.4,101,77.9,103.4,101.2,74.5,101.6,100.7,85.4,81.3,99.8,101.5,92.7
"2017-07-24",97.67,97.67,97.39,97.5,75.6,92.6,74.4,101,77.9,103.4,101.2,74.5,101.6,100.7,85.4,81.3,99.8,101.5,92.7
"2017-07-25",98.06,98.2,97.84,98,75.6,92.6,74.4,101,77.9,103.4,101.2,74.5,101.6,100.7,85.4,81.3,99.8,101.5,92.7
"2017-07-26",98.21,98.21,97.69,97.81,75.6,92.6,74.4,101,77.9,103.4,101.2,74.5,101.6,100.7,85.4,81.3,99.8,101.5,92.7
"2017-07-27",97.95,98.03,97.55,97.98,75.6,92.6,74.4,101,77.9,103.4,101.2,74.5,101.6,100.7,85.4,81.3,99.8,101.5,92.7
"2017-07-28",97.8,97.95,97.61,97.86,75.6,92.6,74.4,101,77.9,103.4,101.2,74.5,101.6,100.7,85.4,81.3,99.8,101.5,92.7
"2017-07-31",98.09,98.26,97.96,98.05,75.6,92.6,74.4,101,77.9,103.4,101.2,74.5,101.6,100.7,85.4,81.3,99.8,101.5,92.7
"2017-08-01",98.37,98.38,98.06,98.28,75.6,92.6,74.4,101,77.9,103.4,101.2,74.5,101.6,100.7,85.4,81.3,99.8,101.5,92.7
"2017-08-02",98.14,98.29,97.93,98.27,75.6,92.6,74.4,101,77.9,103.4,101.2,74.5,101.6,100.7,85.4,81.3,99.8,101.5,92.7
"2017-08-03",98.26,98.35,98.15,98.25,75.6,92.6,74.4,101,77.9,103.4,101.2,74.5,101.6,100.7,85.4,81.3,99.8,101.5,92.7
"2017-08-04",98.5,98.61,98.41,98.5,75.6,92.6,74.4,101,77.9,103.4,101.2,74.5,101.6,100.7,85.4,81.3,99.8,101.5,92.7
"2017-08-07",98.51,98.54,98.33,98.49,75.6,92.6,74.4,101,77.9,103.4,101.2,74.5,101.6,100.7,85.4,81.3,99.8,101.5,92.7
"2017-08-08",98.36,98.91,98.16,98.33,75.6,92.6,74.4,101,77.9,103.4,101.2,74.5,101.6,100.7,85.4,81.3,99.8,101.5,92.7
"2017-08-09",98.13,98.3,97.93,98.3,75.6,92.6,74.4,101,77.9,103.4,101.2,74.5,101.6,100.7,85.4,81.3,99.8,101.5,92.7
"2017-08-10",97.95,97.95,97.12,97.15,75.6,92.6,74.4,101,77.9,103.4,101.2,74.5,101.6,100.7,85.4,81.3,99.8,101.5,92.7
"2017-08-11",97.15,97.33,96.91,97.02,75.6,92.6,74.4,101,77.9,103.4,101.2,74.5,101.6,100.7,85.4,81.3,99.8,101.5,92.7
"2017-08-14",97.59,98.06,97.52,97.88,75.6,92.6,74.4,101,77.9,103.4,101.2,74.5,101.6,100.7,85.4,81.3,99.8,101.5,92.7
"2017-08-15",98.1,98.1,97.75,97.86,75.6,92.6,74.4,101,77.9,103.4,101.2,74.5,101.6,100.7,85.4,81.3,99.8,101.5,92.7
"2017-08-16",98.04,98.22,97.78,97.92,75.6,92.6,74.4,101,77.9,103.4,101.2,74.5,101.6,100.7,85.4,81.3,99.8,101.5,92.7
"2017-08-17",97.68,97.79,96.48,96.49,75.6,92.6,74.4,101,77.9,103.4,101.2,74.5,101.6,100.7,85.4,81.3,99.8,101.5,92.7
"2017-08-18",96.24,96.86,96.1,96.28,75.6,92.6,74.4,101,77.9,103.4,101.2,74.5,101.6,100.7,85.4,81.3,99.8,101.5,92.7
"2017-08-21",96.25,96.44,96.02,96.36,75.6,92.6,74.4,101,77.9,103.4,101.2,74.5,101.6,100.7,85.4,81.3,99.8,101.5,92.7
"2017-08-22",96.66,97.31,96.6,97.23,75.6,92.6,74.4,101,77.9,103.4,101.2,74.5,101.6,100.7,85.4,81.3,99.8,101.5,92.7
"2017-08-23",96.84,97.23,96.8,96.97,75.6,92.6,74.4,101,77.9,103.4,101.2,74.5,101.6,100.7,85.4,81.3,99.8,101.5,92.7
"2017-08-24",97.14,97.24,96.79,96.85,75.6,92.6,74.4,101,77.9,103.4,101.2,74.5,101.6,100.7,85.4,81.3,99.8,101.5,92.7
"2017-08-25",97.12,97.49,97.12,97.14,75.6,92.6,74.4,101,77.9,103.4,101.2,74.5,101.6,100.7,85.4,81.3,99.8,101.5,92.7
"2017-08-28",97.34,97.35,96.78,97,75.6,92.6,74.4,101,77.9,103.4,101.2,74.5,101.6,100.7,85.4,81.3,99.8,101.5,92.7
"2017-08-29",96.43,97.09,96.39,96.99,75.6,92.6,74.4,101,77.9,103.4,101.2,74.5,101.6,100.7,85.4,81.3,99.8,101.5,92.7
"2017-08-30",96.97,97.35,96.85,97.2,75.6,92.6,74.4,101,77.9,103.4,101.2,74.5,101.6,100.7,85.4,81.3,99.8,101.5,92.7
"2017-08-31",97.48,97.76,97.34,97.57,75.6,92.6,74.4,101,77.9,103.4,101.2,74.5,101.6,100.7,85.4,81.3,99.8,101.5,92.7
"2017-09-01",97.76,98.08,97.73,97.87,75.6,92.6,74.4,101,77.9,103.4,101.2,74.5,101.6,100.7,85.4,81.3,99.8,101.5,92.7
"2017-09-05",97.59,97.61,96.62,96.94,75.6,92.6,74.4,101,77.9,103.4,101.2,74.5,101.6,100.7,85.4,81.3,99.8,101.5,92.7
"2017-09-06",97.31,97.4,97.12,97.25,75.6,92.6,74.4,101,77.9,103.4,101.2,74.5,101.6,100.7,85.4,81.3,99.8,101.5,92.7
"2017-09-07",97.37,97.37,96.73,96.92,75.6,92.6,74.4,101,77.9,103.4,101.2,74.5,101.6,100.7,85.4,81.3,99.8,101.5,92.7
"2017-09-08",96.81,97.13,96.71,96.96,75.6,92.6,74.4,101,77.9,103.4,101.2,74.5,101.6,100.7,85.4,81.3,99.8,101.5,92.7
"2017-09-11",97.52,98.18,97.52,98.14,75.6,92.6,74.4,101,77.9,103.4,101.2,74.5,101.6,100.7,85.4,81.3,99.8,101.5,92.7
"2017-09-12",98.29,98.63,98.29,98.61,75.6,92.6,74.4,101,77.9,103.4,101.2,74.5,101.6,100.7,85.4,81.3,99.8,101.5,92.7
"2017-09-13",98.52,98.79,98.4,98.79,75.6,92.6,74.4,101,77.9,103.4,101.2,74.5,101.6,100.7,85.4,81.3,99.8,101.5,92.7
"2017-09-14",98.72,98.95,98.69,98.89,75.6,92.6,74.4,101,77.9,103.4,101.2,74.5,101.6,100.7,85.4,81.3,99.8,101.5,92.7
"2017-09-15",98.88,99.17,98.76,99.15,75.6,92.6,74.4,101,77.9,103.4,101.2,74.5,101.6,100.7,85.4,81.3,99.8,101.5,92.7
"2017-09-18",99.27,99.56,99.24,99.53,75.6,92.6,74.4,101,77.9,103.4,101.2,74.5,101.6,100.7,85.4,81.3,99.8,101.5,92.7
"2017-09-19",99.61,99.82,99.55,99.77,75.6,92.6,74.4,101,77.9,103.4,101.2,74.5,101.6,100.7,85.4,81.3,99.8,101.5,92.7
"2017-09-20",99.87,99.98,99.59,99.92,75.6,92.6,74.4,101,77.9,103.4,101.2,74.5,101.6,100.7,85.4,81.3,99.8,101.5,92.7
"2017-09-21",99.84,100,99.73,99.78,75.6,92.6,74.4,101,77.9,103.4,101.2,74.5,101.6,100.7,85.4,81.3,99.8,101.5,92.7
"2017-09-22",99.03,99.25,98.94,99.16,75.6,92.6,74.4,101,77.9,103.4,101.2,74.5,101.6,100.7,85.4,81.3,99.8,101.5,92.7
"2017-09-25",99.14,99.43,98.92,99.31,75.6,92.6,74.4,101,77.9,103.4,101.2,74.5,101.6,100.7,85.4,81.3,99.8,101.5,92.7
"2017-09-26",99.41,99.46,99.21,99.26,75.6,92.6,74.4,101,77.9,103.4,101.2,74.5,101.6,100.7,85.4,81.3,99.8,101.5,92.7
"2017-09-27",99.69,99.69,99.11,99.52,75.6,92.6,74.4,101,77.9,103.4,101.2,74.5,101.6,100.7,85.4,81.3,99.8,101.5,92.7
"2017-09-28",99.46,99.69,99.34,99.63,75.6,92.6,74.4,101,77.9,103.4,101.2,74.5,101.6,100.7,85.4,81.3,99.8,101.5,92.7
"2017-09-29",99.57,99.85,99.46,99.82,75.6,92.6,74.4,101,77.9,103.4,101.2,74.5,101.6,100.7,85.4,81.3,99.8,101.5,92.7
"2017-10-02",99.9,100.45,99.8,100.44,75.6,92.6,74.4,101,77.9,103.4,101.2,74.5,101.6,100.7,85.4,81.3,99.8,101.5,92.7
"2017-10-03",100.52,100.71,100.4,100.68,75.6,92.6,74.4,101,77.9,103.4,101.2,74.5,101.6,100.7,85.4,81.3,99.8,101.5,92.7
"2017-10-04",100.61,100.92,100.58,100.78,75.6,92.6,74.4,101,77.9,103.4,101.2,74.5,101.6,100.7,85.4,81.3,99.8,101.5,92.7
"2017-10-05",100.87,101.34,100.8,101.28,75.6,92.6,74.4,101,77.9,103.4,101.2,74.5,101.6,100.7,85.4,81.3,99.8,101.5,92.7
"2017-10-06",101.16,101.21,100.88,101.1,75.6,92.6,74.4,101,77.9,103.4,101.2,74.5,101.6,100.7,85.4,81.3,99.8,101.5,92.7
"2017-10-09",101.21,101.25,100.7,100.84,75.6,92.6,74.4,101,77.9,103.4,101.2,74.5,101.6,100.7,85.4,81.3,99.8,101.5,92.7
"2017-10-10",101.11,101.28,100.96,101.16,75.6,92.6,74.4,101,77.9,103.4,101.2,74.5,101.6,100.7,85.4,81.3,99.8,101.5,92.7
"2017-10-11",101.11,101.15,100.98,101.15,75.6,92.6,74.4,101,77.9,103.4,101.2,74.5,101.6,100.7,85.4,81.3,99.8,101.5,92.7
"2017-10-12",101.04,101.12,100.81,100.93,75.6,92.6,74.4,101,77.9,103.4,101.2,74.5,101.6,100.7,85.4,81.3,99.8,101.5,92.7
"2017-10-13",101,101.17,100.82,100.95,75.6,92.6,74.4,101,77.9,103.4,101.2,74.5,101.6,100.7,85.4,81.3,99.8,101.5,92.7
"2017-10-16",101.11,101.25,100.95,101.13,75.6,92.6,74.4,101,77.9,103.4,101.2,74.5,101.6,100.7,85.4,81.3,99.8,101.5,92.7
"2017-10-17",101.21,101.28,100.84,101.26,75.6,92.6,74.4,101,77.9,103.4,101.2,74.5,101.6,100.7,85.4,81.3,99.8,101.5,92.7
"2017-10-18",101.52,101.6,101.41,101.5,75.6,92.6,74.4,101,77.9,103.4,101.2,74.5,101.6,100.7,85.4,81.3,99.8,101.5,92.7
"2017-10-19",101.2,101.76,101.19,101.76,75.6,92.6,74.4,101,77.9,103.4,101.2,74.5,101.6,100.7,85.4,81.3,99.8,101.5,92.7
"2017-10-20",102.18,102.47,102,102.47,75.6,92.6,74.4,101,77.9,103.4,101.2,74.5,101.6,100.7,85.4,81.3,99.8,101.5,92.7
"2017-10-23",102.6,102.66,102.22,102.25,75.6,92.6,74.4,101,77.9,103.4,101.2,74.5,101.6,100.7,85.4,81.3,99.8,101.5,92.7
"2017-10-24",102.46,102.56,102.26,102.42,75.6,92.6,74.4,101,77.9,103.4,101.2,74.5,101.6,100.7,85.4,81.3,99.8,101.5,92.7
"2017-10-25",102.36,102.36,101.34,101.81,75.6,92.6,74.4,101,77.9,103.4,101.2,74.5,101.6,100.7,85.4,81.3,99.8,101.5,92.7
"2017-10-26",102.22,102.4,102.08,102.09,75.6,92.6,74.4,101,77.9,103.4,101.2,74.5,101.6,100.7,85.4,81.3,99.8,101.5,92.7
"2017-10-27",102.27,102.48,102.02,102.32,75.6,92.6,74.4,101,77.9,103.4,101.2,74.5,101.6,100.7,85.4,81.3,99.8,101.5,92.7
"2017-10-30",102.05,102.09,101.62,101.7,75.6,92.6,74.4,101,77.9,103.4,101.2,74.5,101.6,100.7,85.4,81.3,99.8,101.5,92.7
"2017-10-31",101.87,101.87,101.61,101.66,75.6,92.6,74.4,101,77.9,103.4,101.2,74.5,101.6,100.7,85.4,81.3,99.8,101.5,92.7
"2017-11-01",102.06,102.34,101.83,101.93,75.6,92.6,74.4,101,77.9,103.4,101.2,74.5,101.6,100.7,85.4,81.3,99.8,101.5,92.7
"2017-11-02",101.95,102.21,101.47,102.17,75.6,92.6,74.4,101,77.9,103.4,101.2,74.5,101.6,100.7,85.4,81.3,99.8,101.5,92.7
"2017-11-03",102.12,102.25,101.9,102.19,75.6,92.6,74.4,101,77.9,103.4,101.2,74.5,101.6,100.7,85.4,81.3,99.8,101.5,92.7
"2017-11-06",102.19,102.24,102.02,102.15,75.6,92.6,74.4,101,77.9,103.4,101.2,74.5,101.6,100.7,85.4,81.3,99.8,101.5,92.7
"2017-11-07",102.31,102.38,101.78,102.01,75.6,92.6,74.4,101,77.9,103.4,101.2,74.5,101.6,100.7,85.4,81.3,99.8,101.5,92.7
"2017-11-08",101.87,102.05,101.64,102.01,75.6,92.6,74.4,101,77.9,103.4,101.2,74.5,101.6,100.7,85.4,81.3,99.8,101.5,92.7
"2017-11-09",101.55,101.75,101,101.64,75.6,92.6,74.4,101,77.9,103.4,101.2,74.5,101.6,100.7,85.4,81.3,99.8,101.5,92.7
"2017-11-10",101.55,101.62,101.34,101.55,75.6,92.6,74.4,101,77.9,103.4,101.2,74.5,101.6,100.7,85.4,81.3,99.8,101.5,92.7
"2017-11-13",101.33,101.73,101.25,101.65,75.6,92.6,74.4,101,77.9,103.4,101.2,74.5,101.6,100.7,85.4,81.3,99.8,101.5,92.7
"2017-11-14",101.34,101.43,100.94,101.42,75.6,92.6,74.4,101,77.9,103.4,101.2,74.5,101.6,100.7,85.4,81.3,99.8,101.5,92.7
"2017-11-15",100.95,101.26,100.67,101,75.6,92.6,74.4,101,77.9,103.4,101.2,74.5,101.6,100.7,85.4,81.3,99.8,101.5,92.7
"2017-11-16",101.46,101.89,101.36,101.7,75.6,92.6,74.4,101,77.9,103.4,101.2,74.5,101.6,100.7,85.4,81.3,99.8,101.5,92.7
"2017-11-17",101.45,101.67,101.41,101.51,75.6,92.6,74.4,101,77.9,103.4,101.2,74.5,101.6,100.7,85.4,81.3,99.8,101.5,92.7
"2017-11-20",101.6,101.83,101.44,101.73,75.6,92.6,74.4,101,77.9,103.4,101.2,74.5,101.6,100.7,85.4,81.3,99.8,101.5,92.7
"2017-11-21",102.1,102.28,102,102.17,75.6,92.6,74.4,101,77.9,103.4,101.2,74.5,101.6,100.7,85.4,81.3,99.8,101.5,92.7
"2017-11-22",102.2,102.24,102,102.03,75.6,92.6,74.4,101,77.9,103.4,101.2,74.5,101.6,100.7,85.4,81.3,99.8,101.5,92.7
"2017-11-24",102.3,102.34,102.11,102.15,75.6,92.6,74.4,101,77.9,103.4,101.2,74.5,101.6,100.7,85.4,81.3,99.8,101.5,92.7
"2017-11-27",102.2,102.35,102.1,102.15,75.6,92.6,74.4,101,77.9,103.4,101.2,74.5,101.6,100.7,85.4,81.3,99.8,101.5,92.7
"2017-11-28",102.36,103.68,102.32,103.65,75.6,92.6,74.4,101,77.9,103.4,101.2,74.5,101.6,100.7,85.4,81.3,99.8,101.5,92.7
"2017-11-29",103.83,104.61,103.83,104.41,75.6,92.6,74.4,101,77.9,103.4,101.2,74.5,101.6,100.7,85.4,81.3,99.8,101.5,92.7
"2017-11-30",104.87,105.81,104.71,105.21,75.6,92.6,74.4,101,77.9,103.4,101.2,74.5,101.6,100.7,85.4,81.3,99.8,101.5,92.7
"2017-12-01",105.23,105.48,103.66,105.15,75.6,92.6,74.4,101,77.9,103.4,101.2,74.5,101.6,100.7,85.4,81.3,99.8,101.5,92.7
"2017-12-04",106.07,106.43,105.51,105.52,75.6,92.6,74.4,101,77.9,103.4,101.2,74.5,101.6,100.7,85.4,81.3,99.8,101.5,92.7
"2017-12-05",105.8,105.8,104.86,104.95,75.6,92.6,74.4,101,77.9,103.4,101.2,74.5,101.6,100.7,85.4,81.3,99.8,101.5,92.7
"2017-12-06",104.82,105.12,104.76,104.82,75.6,92.6,74.4,101,77.9,103.4,101.2,74.5,101.6,100.7,85.4,81.3,99.8,101.5,92.7
"2017-12-07",104.7,105.21,104.63,105.01,75.6,92.6,74.4,101,77.9,103.4,101.2,74.5,101.6,100.7,85.4,81.3,99.8,101.5,92.7
"2017-12-08",105.4,105.75,105.21,105.75,75.6,92.6,74.4,101,77.9,103.4,101.2,74.5,101.6,100.7,85.4,81.3,99.8,101.5,92.7
"2017-12-11",105.79,106.05,105.65,106.03,75.6,92.6,74.4,101,77.9,103.4,101.2,74.5,101.6,100.7,85.4,81.3,99.8,101.5,92.7
"2017-12-12",106.15,106.6,106.11,106.39,75.6,92.6,74.4,101,77.9,103.4,101.2,74.5,101.6,100.7,85.4,81.3,99.8,101.5,92.7
"2017-12-13",106.42,106.63,106.18,106.19,75.6,92.6,74.4,101,77.9,103.4,101.2,74.5,101.6,100.7,85.4,81.3,99.8,101.5,92.7
"2017-12-14",106.33,106.5,105.55,105.56,75.6,92.6,74.4,101,77.9,103.4,101.2,74.5,101.6,100.7,85.4,81.3,99.8,101.5,92.7
"2017-12-15",105.99,106.69,105.96,106.44,75.6,92.6,74.4,101,77.9,103.4,101.2,74.5,101.6,100.7,85.4,81.3,99.8,101.5,92.7
"2017-12-18",107.03,107.37,106.95,107.03,75.6,92.6,74.4,101,77.9,103.4,101.2,74.5,101.6,100.7,85.4,81.3,99.8,101.5,92.7
"2017-12-19",107.28,107.44,106.69,106.7,75.6,92.6,74.4,101,77.9,103.4,101.2,74.5,101.6,100.7,85.4,81.3,99.8,101.5,92.7
"2017-12-20",107.15,107.23,106.64,106.77,75.6,92.6,74.4,101,77.9,103.4,101.2,74.5,101.6,100.7,85.4,81.3,99.8,101.5,92.7
"2017-12-21",106.45,106.73,106.23,106.46,75.6,92.6,74.4,101,77.9,103.4,101.2,74.5,101.6,100.7,85.4,81.3,99.8,101.5,92.7
"2017-12-22",106.62,106.62,106.16,106.44,75.6,92.6,74.4,101,77.9,103.4,101.2,74.5,101.6,100.7,85.4,81.3,99.8,101.5,92.7
"2017-12-26",106.41,106.65,106.26,106.33,75.6,92.6,74.4,101,77.9,103.4,101.2,74.5,101.6,100.7,85.4,81.3,99.8,101.5,92.7
"2017-12-27",106.49,106.53,106.25,106.39,75.6,92.6,74.4,101,77.9,103.4,101.2,74.5,101.6,100.7,85.4,81.3,99.8,101.5,92.7
"2017-12-28",106.6,106.73,106.4,106.66,75.6,92.6,74.4,101,77.9,103.4,101.2,74.5,101.6,100.7,85.4,81.3,99.8,101.5,92.7
"2017-12-29",106.93,106.97,106.2,106.28,75.6,92.6,74.4,101,77.9,103.4,101.2,74.5,101.6,100.7,85.4,81.3,99.8,101.5,92.7
"2018-01-02",106.67,106.75,106.33,106.65,75.6,92.6,74.4,101,77.9,103.4,101.2,74.5,101.6,100.7,85.4,81.3,99.8,101.5,92.7
"2018-01-03",106.73,107.13,106.59,107.04,75.6,92.6,74.4,101,77.9,103.4,101.2,74.5,101.6,100.7,85.4,81.3,99.8,101.5,92.7
"2018-01-04",107.3,107.9,107.26,107.69,75.6,92.6,74.4,101,77.9,103.4,101.2,74.5,101.6,100.7,85.4,81.3,99.8,101.5,92.7
"2018-01-05",108.04,108.27,107.7,108.19,75.6,92.6,74.4,101,77.9,103.4,101.2,74.5,101.6,100.7,85.4,81.3,99.8,101.5,92.7
"2018-01-08",108.21,108.38,107.92,108.33,75.6,92.6,74.4,101,77.9,103.4,101.2,74.5,101.6,100.7,85.4,81.3,99.8,101.5,92.7
"2018-01-09",108.49,108.9,108.41,108.52,75.6,92.6,74.4,101,77.9,103.4,101.2,74.5,101.6,100.7,85.4,81.3,99.8,101.5,92.7
"2018-01-10",108.41,108.71,108.12,108.51,75.6,92.6,74.4,101,77.9,103.4,101.2,74.5,101.6,100.7,85.4,81.3,99.8,101.5,92.7
"2018-01-11",108.8,109.28,108.64,109.27,75.6,92.6,74.4,101,77.9,103.4,101.2,74.5,101.6,100.7,85.4,81.3,99.8,101.5,92.7
"2018-01-12",109.61,110.12,109.5,110.05,75.6,92.6,74.4,101,77.9,103.4,101.2,74.5,101.6,100.7,85.4,81.3,99.8,101.5,92.7
"2018-01-16",110.62,110.86,109.38,109.71,75.6,92.6,74.4,101,77.9,103.4,101.2,74.5,101.6,100.7,85.4,81.3,99.8,101.5,92.7
"2018-01-17",110.1,110.88,109.76,110.68,75.6,92.6,74.4,101,77.9,103.4,101.2,74.5,101.6,100.7,85.4,81.3,99.8,101.5,92.7
"2018-01-18",110.72,110.83,110.3,110.46,75.6,92.6,74.4,101,77.9,103.4,101.2,74.5,101.6,100.7,85.4,81.3,99.8,101.5,92.7
"2018-01-19",110.65,110.84,110.36,110.83,75.6,92.6,74.4,101,77.9,103.4,101.2,74.5,101.6,100.7,85.4,81.3,99.8,101.5,92.7
"2018-01-22",110.67,111.73,110.67,111.72,75.6,92.6,74.4,101,77.9,103.4,101.2,74.5,101.6,100.7,85.4,81.3,99.8,101.5,92.7
"2018-01-23",111.66,111.8,111.35,111.66,75.6,92.6,74.4,101,77.9,103.4,101.2,74.5,101.6,100.7,85.4,81.3,99.8,101.5,92.7
"2018-01-24",112.01,112.42,111.37,111.88,75.6,92.6,74.4,101,77.9,103.4,101.2,74.5,101.6,100.7,85.4,81.3,99.8,101.5,92.7
"2018-01-25",112.29,112.3,111.7,112.04,75.6,92.6,74.4,101,77.9,103.4,101.2,74.5,101.6,100.7,85.4,81.3,99.8,101.5,92.7
"2018-01-26",112.41,113.28,112.33,113.26,75.6,92.6,74.4,101,77.9,103.4,101.2,74.5,101.6,100.7,85.4,81.3,99.8,101.5,92.7
"2018-01-29",113.13,113.46,112.64,112.66,75.6,92.6,74.4,101,77.9,103.4,101.2,74.5,101.6,100.7,85.4,81.3,99.8,101.5,92.7
"2018-01-30",111.74,112.18,111.21,111.26,75.6,92.6,74.4,101,77.9,103.4,101.2,74.5,101.6,100.7,85.4,81.3,99.8,101.5,92.7
"2018-01-31",111.72,111.88,110.78,111.29,75.6,92.6,74.4,101,77.9,103.4,101.2,74.5,101.6,100.7,85.4,81.3,99.8,101.5,92.7
"2018-02-01",111,111.92,110.94,111.48,75.6,92.6,74.4,101,77.9,103.4,101.2,74.5,101.6,100.7,85.4,81.3,99.8,101.5,92.7
"2018-02-02",110.75,111.14,108.92,108.96,75.6,92.6,74.4,101,77.9,103.4,101.2,74.5,101.6,100.7,85.4,81.3,99.8,101.5,92.7
"2018-02-05",107.99,108.88,103.6,104.27,75.6,92.6,74.4,101,77.9,103.4,101.2,74.5,101.6,100.7,85.4,81.3,99.8,101.5,92.7
"2018-02-06",102.45,106.15,102.01,105.87,75.6,92.6,74.4,101,77.9,103.4,101.2,74.5,101.6,100.7,85.4,81.3,99.8,101.5,92.7
"2018-02-07",105.6,107.4,105.33,105.71,75.6,92.6,74.4,101,77.9,103.4,101.2,74.5,101.6,100.7,85.4,81.3,99.8,101.5,92.7
"2018-02-08",105.79,105.93,101.78,101.78,75.6,92.6,74.4,101,77.9,103.4,101.2,74.5,101.6,100.7,85.4,81.3,99.8,101.5,92.7
"2018-02-09",103.08,104.15,100.09,103.31,75.6,92.6,74.4,101,77.9,103.4,101.2,74.5,101.6,100.7,85.4,81.3,99.8,101.5,92.7
"2018-02-12",104.12,105.35,103.49,104.61,75.6,92.6,74.4,101,77.9,103.4,101.2,74.5,101.6,100.7,85.4,81.3,99.8,101.5,92.7
"2018-02-13",104.11,105.21,103.86,104.98,75.6,92.6,74.4,101,77.9,103.4,101.2,74.5,101.6,100.7,85.4,81.3,99.8,101.5,92.7
"2018-02-14",104.51,106.42,104.44,106.33,75.6,92.6,74.4,101,77.9,103.4,101.2,74.5,101.6,100.7,85.4,81.3,99.8,101.5,92.7
"2018-02-15",107.01,107.39,105.92,107.39,75.6,92.6,74.4,101,77.9,103.4,101.2,74.5,101.6,100.7,85.4,81.3,99.8,101.5,92.7
"2018-02-16",107.1,108.42,107,107.54,75.6,92.6,74.4,101,77.9,103.4,101.2,74.5,101.6,100.7,85.4,81.3,99.8,101.5,92.7
"2018-02-20",107,107.37,106.25,106.63,75.6,92.6,74.4,101,77.9,103.4,101.2,74.5,101.6,100.7,85.4,81.3,99.8,101.5,92.7
"2018-02-21",106.72,107.74,105.91,105.93,75.6,92.6,74.4,101,77.9,103.4,101.2,74.5,101.6,100.7,85.4,81.3,99.8,101.5,92.7
"2018-02-22",106.33,107.14,105.73,105.96,75.6,92.6,74.4,101,77.9,103.4,101.2,74.5,101.6,100.7,85.4,81.3,99.8,101.5,92.7
"2018-02-23",106.52,107.61,106.28,107.6,75.6,92.6,74.4,101,77.9,103.4,101.2,74.5,101.6,100.7,85.4,81.3,99.8,101.5,92.7
"2018-02-26",108.12,109,107.85,108.96,75.6,92.6,74.4,101,77.9,103.4,101.2,74.5,101.6,100.7,85.4,81.3,99.8,101.5,92.7
"2018-02-27",109.06,109.57,107.73,107.75,75.6,92.6,74.4,101,77.9,103.4,101.2,74.5,101.6,100.7,85.4,81.3,99.8,101.5,92.7
"2018-02-28",108.26,108.47,106.35,106.35,75.6,92.6,74.4,101,77.9,103.4,101.2,74.5,101.6,100.7,85.4,81.3,99.8,101.5,92.7
"2018-03-01",106.42,107.13,104.38,104.97,75.6,92.6,74.4,101,77.9,103.4,101.2,74.5,101.6,100.7,85.4,81.3,99.8,101.5,92.7
"2018-03-02",104.28,105.66,103.95,105.45,75.6,92.6,74.4,101,77.9,103.4,101.2,74.5,101.6,100.7,85.4,81.3,99.8,101.5,92.7
"2018-03-05",104.91,106.98,104.79,106.68,75.6,92.6,74.4,101,77.9,103.4,101.2,74.5,101.6,100.7,85.4,81.3,99.8,101.5,92.7
"2018-03-06",107.07,107.23,106.2,106.78,75.6,92.6,74.4,101,77.9,103.4,101.2,74.5,101.6,100.7,85.4,81.3,99.8,101.5,92.7
"2018-03-07",105.8,106.78,105.64,106.6,75.6,92.6,74.4,101,77.9,103.4,101.2,74.5,101.6,100.7,85.4,81.3,99.8,101.5,92.7
"2018-03-08",106.9,107.04,106.28,106.95,75.6,92.6,74.4,101,77.9,103.4,101.2,74.5,101.6,100.7,85.4,81.3,99.8,101.5,92.7
"2018-03-09",107.64,108.77,107.42,108.76,75.6,92.6,74.4,101,77.9,103.4,101.2,74.5,101.6,100.7,85.4,81.3,99.8,101.5,92.7
"2018-03-12",108.8,109.09,108.23,108.44,75.6,92.6,74.4,101,77.9,103.4,101.2,74.5,101.6,100.7,85.4,81.3,99.8,101.5,92.7
"2018-03-13",108.83,109.08,107.51,107.76,75.6,92.6,74.4,101,77.9,103.4,101.2,74.5,101.6,100.7,85.4,81.3,99.8,101.5,92.7
"2018-03-14",108.24,108.33,106.75,106.92,75.6,92.6,74.4,101,77.9,103.4,101.2,74.5,101.6,100.7,85.4,81.3,99.8,101.5,92.7
"2018-03-15",107.18,107.52,106.75,106.97,75.6,92.6,74.4,101,77.9,103.4,101.2,74.5,101.6,100.7,85.4,81.3,99.8,101.5,92.7
"2018-03-16",107.07,107.74,107.07,107.22,75.6,92.6,74.4,101,77.9,103.4,101.2,74.5,101.6,100.7,85.4,81.3,99.8,101.5,92.7
"2018-03-19",107.03,107.03,105.36,106.01,75.6,92.6,74.4,101,77.9,103.4,101.2,74.5,101.6,100.7,85.4,81.3,99.8,101.5,92.7
"2018-03-20",106.17,106.45,105.77,105.93,75.6,92.6,74.4,101,77.9,103.4,101.2,74.5,101.6,100.7,85.4,81.3,99.8,101.5,92.7
"2018-03-21",105.93,106.88,105.74,105.87,75.6,92.6,74.4,101,77.9,103.4,101.2,74.5,101.6,100.7,85.4,81.3,99.8,101.5,92.7
"2018-03-22",104.46,104.74,102.53,102.66,75.6,92.6,74.4,101,77.9,103.4,101.2,74.5,101.6,100.7,85.4,81.3,99.8,101.5,92.7
"2018-03-23",102.89,103.19,100.37,100.48,75.6,92.6,74.4,101,77.9,103.4,101.2,74.5,101.6,100.7,85.4,81.3,99.8,101.5,92.7
"2018-03-26",102.09,103.36,101.36,103.23,75.6,92.6,74.4,101,77.9,103.4,101.2,74.5,101.6,100.7,85.4,81.3,99.8,101.5,92.7
"2018-03-27",103.66,104.03,101.38,101.98,75.6,92.6,74.4,101,77.9,103.4,101.2,74.5,101.6,100.7,85.4,81.3,99.8,101.5,92.7
"2018-03-28",102.24,102.89,101.58,101.92,75.6,92.6,74.4,101,77.9,103.4,101.2,74.5,101.6,100.7,85.4,81.3,99.8,101.5,92.7
"2018-03-29",102.49,103.7,102.2,103.17,75.6,92.6,74.4,101,77.9,103.4,101.2,74.5,101.6,100.7,85.4,81.3,99.8,101.5,92.7
"2018-04-02",102.87,103.07,99.79,100.86,75.6,92.6,74.4,101,77.9,103.4,101.2,74.5,101.6,100.7,85.4,81.3,99.8,101.5,92.7
"2018-04-03",101.44,102.48,100.9,102.38,75.6,92.6,74.4,101,77.9,103.4,101.2,74.5,101.6,100.7,85.4,81.3,99.8,101.5,92.7
"2018-04-04",100.93,103.7,100.6,103.51,75.6,92.6,74.4,101,77.9,103.4,101.2,74.5,101.6,100.7,85.4,81.3,99.8,101.5,92.7
"2018-04-05",103.93,104.56,103.68,104.21,75.6,92.6,74.4,101,77.9,103.4,101.2,74.5,101.6,100.7,85.4,81.3,99.8,101.5,92.7
"2018-04-06",103.5,103.97,101.26,102.1,75.6,92.6,74.4,101,77.9,103.4,101.2,74.5,101.6,100.7,85.4,81.3,99.8,101.5,92.7
"2018-04-09",102.69,103.97,102.31,102.4,75.6,92.6,74.4,101,77.9,103.4,101.2,74.5,101.6,100.7,85.4,81.3,99.8,101.5,92.7
"2018-04-10",103.78,104.4,103.3,104.02,75.6,92.6,74.4,101,77.9,103.4,101.2,74.5,101.6,100.7,85.4,81.3,99.8,101.5,92.7
"2018-04-11",103.4,103.99,103.17,103.3,75.6,92.6,74.4,101,77.9,103.4,101.2,74.5,101.6,100.7,85.4,81.3,99.8,101.5,92.7
"2018-04-12",103.94,104.75,103.93,104.31,75.6,92.6,74.4,101,77.9,103.4,101.2,74.5,101.6,100.7,85.4,81.3,99.8,101.5,92.7
"2018-04-13",104.97,104.99,103.5,103.95,75.6,92.6,74.4,101,77.9,103.4,101.2,74.5,101.6,100.7,85.4,81.3,99.8,101.5,92.7
"2018-04-16",104.67,105.25,104.33,104.88,75.6,92.6,74.4,101,77.9,103.4,101.2,74.5,101.6,100.7,85.4,81.3,99.8,101.5,92.7
"2018-04-17",105.67,105.82,105.31,105.52,75.6,92.6,74.4,101,77.9,103.4,101.2,74.5,101.6,100.7,85.4,81.3,99.8,101.5,92.7
"2018-04-18",105.81,105.95,105.5,105.51,75.6,92.6,74.4,101,77.9,103.4,101.2,74.5,101.6,100.7,85.4,81.3,99.8,101.5,92.7
"2018-04-19",105.36,105.68,104.85,105.32,75.6,92.6,74.4,101,77.9,103.4,101.2,74.5,101.6,100.7,85.4,81.3,99.8,101.5,92.7
"2018-04-20",105.48,105.58,104.31,104.72,75.6,92.6,74.4,101,77.9,103.4,101.2,74.5,101.6,100.7,85.4,81.3,99.8,101.5,92.7
"2018-04-23",104.99,105.14,104.39,104.86,75.6,92.6,74.4,101,77.9,103.4,101.2,74.5,101.6,100.7,85.4,81.3,99.8,101.5,92.7
"2018-04-24",105.44,105.65,103.31,103.99,75.6,92.6,74.4,101,77.9,103.4,101.2,74.5,101.6,100.7,85.4,81.3,99.8,101.5,92.7
"2018-04-25",103.86,104.29,103.03,104.09,75.6,92.6,74.4,101,77.9,103.4,101.2,74.5,101.6,100.7,85.4,81.3,99.8,101.5,92.7
"2018-04-26",104.27,104.99,104,104.59,75.6,92.6,74.4,101,77.9,103.4,101.2,74.5,101.6,100.7,85.4,81.3,99.8,101.5,92.7
"2018-04-27",104.72,104.95,104.36,104.8,75.6,92.6,74.4,101,77.9,103.4,101.2,74.5,101.6,100.7,85.4,81.3,99.8,101.5,92.7
"2018-04-30",105.05,105.23,103.61,103.61,75.6,92.6,74.4,101,77.9,103.4,101.2,74.5,101.6,100.7,85.4,81.3,99.8,101.5,92.7
"2018-05-01",103.36,103.47,102.41,103.43,75.6,92.6,74.4,101,77.9,103.4,101.2,74.5,101.6,100.7,85.4,81.3,99.8,101.5,92.7
"2018-05-02",103.18,103.36,102.23,102.39,75.6,92.6,74.4,101,77.9,103.4,101.2,74.5,101.6,100.7,85.4,81.3,99.8,101.5,92.7
"2018-05-03",102.06,102.32,100.67,102.03,75.6,92.6,74.4,101,77.9,103.4,101.2,74.5,101.6,100.7,85.4,81.3,99.8,101.5,92.7
"2018-05-04",101.57,103.42,101.36,103.1,75.6,92.6,74.4,101,77.9,103.4,101.2,74.5,101.6,100.7,85.4,81.3,99.8,101.5,92.7
"2018-05-07",103.43,103.74,103.04,103.28,75.6,92.6,74.4,101,77.9,103.4,101.2,74.5,101.6,100.7,85.4,81.3,99.8,101.5,92.7
"2018-05-08",103.22,103.46,102.61,103.19,75.6,92.6,74.4,101,77.9,103.4,101.2,74.5,101.6,100.7,85.4,81.3,99.8,101.5,92.7
"2018-05-09",103.6,104.33,103.29,104.15,75.6,92.6,74.4,101,77.9,103.4,101.2,74.5,101.6,100.7,85.4,81.3,99.8,101.5,92.7
"2018-05-10",104.5,105.27,104.38,105.16,75.6,92.6,74.4,101,77.9,103.4,101.2,74.5,101.6,100.7,85.4,81.3,99.8,101.5,92.7
"2018-05-11",105.24,105.61,105.01,105.41,75.6,92.6,74.4,101,77.9,103.4,101.2,74.5,101.6,100.7,85.4,81.3,99.8,101.5,92.7
"2018-05-14",105.76,106.01,105.45,105.64,75.6,92.6,74.4,101,77.9,103.4,101.2,74.5,101.6,100.7,85.4,81.3,99.8,101.5,92.7
"2018-05-15",105.29,105.34,104.81,105.16,75.6,92.6,74.4,101,77.9,103.4,101.2,74.5,101.6,100.7,85.4,81.3,99.8,101.5,92.7
"2018-05-16",105.22,105.75,105.11,105.57,75.6,92.6,74.4,101,77.9,103.4,101.2,74.5,101.6,100.7,85.4,81.3,99.8,101.5,92.7
"2018-05-17",105.47,105.96,105.21,105.53,75.6,92.6,74.4,101,77.9,103.4,101.2,74.5,101.6,100.7,85.4,81.3,99.8,101.5,92.7
"2018-05-18",105.44,105.5,105.07,105.12,75.6,92.6,74.4,101,77.9,103.4,101.2,74.5,101.6,100.7,85.4,81.3,99.8,101.5,92.7
"2018-05-21",105.72,106.2,105.72,105.95,75.6,92.6,74.4,101,77.9,103.4,101.2,74.5,101.6,100.7,85.4,81.3,99.8,101.5,92.7
"2018-05-22",106.18,106.41,105.75,105.83,75.6,92.6,74.4,101,77.9,103.4,101.2,74.5,101.6,100.7,85.4,81.3,99.8,101.5,92.7
"2018-05-23",105.36,105.84,105.09,105.82,75.6,92.6,74.4,101,77.9,103.4,101.2,74.5,101.6,100.7,85.4,81.3,99.8,101.5,92.7
"2018-05-24",105.6,105.74,104.74,105.52,75.6,92.6,74.4,101,77.9,103.4,101.2,74.5,101.6,100.7,85.4,81.3,99.8,101.5,92.7
"2018-05-25",105.23,105.37,104.89,105.21,75.6,92.6,74.4,101,77.9,103.4,101.2,74.5,101.6,100.7,85.4,81.3,99.8,101.5,92.7
"2018-05-29",104.41,104.61,103.1,103.63,75.6,92.6,74.4,101,77.9,103.4,101.2,74.5,101.6,100.7,85.4,81.3,99.8,101.5,92.7
"2018-05-30",104.25,105.38,104.25,105.14,75.6,92.6,74.4,101,77.9,103.4,101.2,74.5,101.6,100.7,85.4,81.3,99.8,101.5,92.7
"2018-05-31",105.05,105.05,104.02,104.23,75.6,92.6,74.4,101,77.9,103.4,101.2,74.5,101.6,100.7,85.4,81.3,99.8,101.5,92.7
"2018-06-01",104.89,105.35,104.75,105.21,75.6,92.6,74.4,101,77.9,103.4,101.2,74.5,101.6,100.7,85.4,81.3,99.8,101.5,92.7
"2018-06-04",105.6,105.88,105.39,105.51,75.6,92.6,74.4,101,77.9,103.4,101.2,74.5,101.6,100.7,85.4,81.3,99.8,101.5,92.7
"2018-06-05",105.53,105.64,105.09,105.5,75.6,92.6,74.4,101,77.9,103.4,101.2,74.5,101.6,100.7,85.4,81.3,99.8,101.5,92.7
"2018-06-06",105.74,106.47,105.54,106.47,75.6,92.6,74.4,101,77.9,103.4,101.2,74.5,101.6,100.7,85.4,81.3,99.8,101.5,92.7
"2018-06-07",106.66,106.94,106.38,106.7,75.6,92.6,74.4,101,77.9,103.4,101.2,74.5,101.6,100.7,85.4,81.3,99.8,101.5,92.7
"2018-06-08",106.67,107.11,106.49,107.06,75.6,92.6,74.4,101,77.9,103.4,101.2,74.5,101.6,100.7,85.4,81.3,99.8,101.5,92.7
"2018-06-11",107.16,107.51,107.11,107.18,75.6,92.6,74.4,101,77.9,103.4,101.2,74.5,101.6,100.7,85.4,81.3,99.8,101.5,92.7
"2018-06-12",107.36,107.4,106.78,107.08,75.6,92.6,74.4,101,77.9,103.4,101.2,74.5,101.6,100.7,85.4,81.3,99.8,101.5,92.7
"2018-06-13",107.18,107.23,106.57,106.6,75.6,92.6,74.4,101,77.9,103.4,101.2,74.5,101.6,100.7,85.4,81.3,99.8,101.5,92.7
"2018-06-14",107,107.08,106.39,106.54,75.6,92.6,74.4,101,77.9,103.4,101.2,74.5,101.6,100.7,85.4,81.3,99.8,101.5,92.7
"2018-06-15",106.31,106.59,105.61,106.44,75.6,92.6,74.4,101,77.9,103.4,101.2,74.5,101.6,100.7,85.4,81.3,99.8,101.5,92.7
"2018-06-18",105.8,106.13,105.56,106.1,75.6,92.6,74.4,101,77.9,103.4,101.2,74.5,101.6,100.7,85.4,81.3,99.8,101.5,92.7
"2018-06-19",105.21,105.95,105.17,105.83,75.6,92.6,74.4,101,77.9,103.4,101.2,74.5,101.6,100.7,85.4,81.3,99.8,101.5,92.7
"2018-06-20",106.11,106.23,105.6,105.79,75.6,92.6,74.4,101,77.9,103.4,101.2,74.5,101.6,100.7,85.4,81.3,99.8,101.5,92.7
"2018-06-21",105.69,105.69,104.99,105.19,75.6,92.6,74.4,101,77.9,103.4,101.2,74.5,101.6,100.7,85.4,81.3,99.8,101.5,92.7
"2018-06-22",105.14,105.33,104.86,104.87,75.6,92.6,74.4,101,77.9,103.4,101.2,74.5,101.6,100.7,85.4,81.3,99.8,101.5,92.7
"2018-06-25",104.56,104.66,103.34,103.98,75.6,92.6,74.4,101,77.9,103.4,101.2,74.5,101.6,100.7,85.4,81.3,99.8,101.5,92.7
"2018-06-26",104.22,104.33,103.77,103.99,75.6,92.6,74.4,101,77.9,103.4,101.2,74.5,101.6,100.7,85.4,81.3,99.8,101.5,92.7
"2018-06-27",104.19,104.82,103.3,103.32,75.6,92.6,74.4,101,77.9,103.4,101.2,74.5,101.6,100.7,85.4,81.3,99.8,101.5,92.7
"2018-06-28",103.24,104.07,102.95,103.78,75.6,92.6,74.4,101,77.9,103.4,101.2,74.5,101.6,100.7,85.4,81.3,99.8,101.5,92.7
"2018-06-29",104.22,104.85,103.8,103.82,75.6,92.6,74.4,101,77.9,103.4,101.2,74.5,101.6,100.7,85.4,81.3,99.8,101.5,92.7
"2018-07-02",103.19,104.03,103.1,104,75.6,92.6,74.4,101,77.9,103.4,101.2,74.5,101.6,100.7,85.4,81.3,99.8,101.5,92.7
"2018-07-03",104.39,104.56,103.68,103.84,75.6,92.6,74.4,101,77.9,103.4,101.2,74.5,101.6,100.7,85.4,81.3,99.8,101.5,92.7
"2018-07-05",104.33,104.59,103.87,104.56,75.6,92.6,74.4,101,77.9,103.4,101.2,74.5,101.6,100.7,85.4,81.3,99.8,101.5,92.7
"2018-07-06",104.55,105.42,104.38,105.2,75.6,92.6,74.4,101,77.9,103.4,101.2,74.5,101.6,100.7,85.4,81.3,99.8,101.5,92.7
"2018-07-09",105.57,106.3,105.51,106.19,75.6,92.6,74.4,101,77.9,103.4,101.2,74.5,101.6,100.7,85.4,81.3,99.8,101.5,92.7
"2018-07-10",106.44,106.73,106.38,106.66,75.6,92.6,74.4,101,77.9,103.4,101.2,74.5,101.6,100.7,85.4,81.3,99.8,101.5,92.7
"2018-07-11",106.14,106.22,105.63,105.76,75.6,92.6,74.4,101,77.9,103.4,101.2,74.5,101.6,100.7,85.4,81.3,99.8,101.5,92.7
"2018-07-12",106.34,106.62,105.99,106.41,75.6,92.6,74.4,101,77.9,103.4,101.2,74.5,101.6,100.7,85.4,81.3,99.8,101.5,92.7
"2018-07-13",106.26,106.63,106.11,106.45,75.6,92.6,74.4,101,77.9,103.4,101.2,74.5,101.6,100.7,85.4,81.3,99.8,101.5,92.7
"2018-07-16",106.45,106.58,106.23,106.58,75.6,92.6,74.4,101,77.9,103.4,101.2,74.5,101.6,100.7,85.4,81.3,99.8,101.5,92.7
"2018-07-17",106.44,107.03,106.33,106.83,75.6,92.6,74.4,101,77.9,103.4,101.2,74.5,101.6,100.7,85.4,81.3,99.8,101.5,92.7
"2018-07-18",106.85,107.33,106.82,107.27,75.6,92.6,74.4,101,77.9,103.4,101.2,74.5,101.6,100.7,85.4,81.3,99.8,101.5,92.7
"2018-07-19",107.02,107.05,106.51,106.73,75.6,92.6,74.4,101,77.9,103.4,101.2,74.5,101.6,100.7,85.4,81.3,99.8,101.5,92.7
"2018-07-20",106.76,106.85,106.54,106.64,75.6,92.6,74.4,101,77.9,103.4,101.2,74.5,101.6,100.7,85.4,81.3,99.8,101.5,92.7
"2018-07-23",106.61,107.08,106.6,106.96,75.6,92.6,74.4,101,77.9,103.4,101.2,74.5,101.6,100.7,85.4,81.3,99.8,101.5,92.7
"2018-07-24",107.27,107.68,107.2,107.48,75.6,92.6,74.4,101,77.9,103.4,101.2,74.5,101.6,100.7,85.4,81.3,99.8,101.5,92.7
"2018-07-25",107.45,108.31,107.24,108.16,75.6,92.6,74.4,101,77.9,103.4,101.2,74.5,101.6,100.7,85.4,81.3,99.8,101.5,92.7
"2018-07-26",108.44,108.91,108.44,108.6,75.6,92.6,74.4,101,77.9,103.4,101.2,74.5,101.6,100.7,85.4,81.3,99.8,101.5,92.7
"2018-07-27",108.47,108.69,107.91,108.29,75.6,92.6,74.4,101,77.9,103.4,101.2,74.5,101.6,100.7,85.4,81.3,99.8,101.5,92.7
"2018-07-30",108.34,108.61,108.11,108.2,75.6,92.6,74.4,101,77.9,103.4,101.2,74.5,101.6,100.7,85.4,81.3,99.8,101.5,92.7
"2018-07-31",108.6,108.85,108.4,108.67,75.6,92.6,74.4,101,77.9,103.4,101.2,74.5,101.6,100.7,85.4,81.3,99.8,101.5,92.7
"2018-08-01",108.56,108.68,107.96,108.12,75.6,92.6,74.4,101,77.9,103.4,101.2,74.5,101.6,100.7,85.4,81.3,99.8,101.5,92.7
"2018-08-02",107.51,108.46,107.46,108.38,75.6,92.6,74.4,101,77.9,103.4,101.2,74.5,101.6,100.7,85.4,81.3,99.8,101.5,92.7
"2018-08-03",108.41,109.13,108.4,109.13,75.6,92.6,74.4,101,77.9,103.4,101.2,74.5,101.6,100.7,85.4,81.3,99.8,101.5,92.7
"2018-08-06",109.14,109.63,108.96,109.43,75.6,92.6,74.4,101,77.9,103.4,101.2,74.5,101.6,100.7,85.4,81.3,99.8,101.5,92.7
"2018-08-07",109.67,109.99,109.6,109.79,75.6,92.6,74.4,101,77.9,103.4,101.2,74.5,101.6,100.7,85.4,81.3,99.8,101.5,92.7
"2018-08-08",109.77,109.88,109.54,109.73,75.6,92.6,74.4,101,77.9,103.4,101.2,74.5,101.6,100.7,85.4,81.3,99.8,101.5,92.7
"2018-08-09",109.82,109.84,109.45,109.53,75.6,92.6,74.4,101,77.9,103.4,101.2,74.5,101.6,100.7,85.4,81.3,99.8,101.5,92.7
"2018-08-10",108.92,109.08,108.45,108.76,75.6,92.6,74.4,101,77.9,103.4,101.2,74.5,101.6,100.7,85.4,81.3,99.8,101.5,92.7
"2018-08-13",108.87,108.91,108.04,108.16,75.6,92.6,74.4,101,77.9,103.4,101.2,74.5,101.6,100.7,85.4,81.3,99.8,101.5,92.7
"2018-08-14",108.42,109,108.42,108.85,75.6,92.6,74.4,101,77.9,103.4,101.2,74.5,101.6,100.7,85.4,81.3,99.8,101.5,92.7
"2018-08-15",108.37,108.38,107.65,108.19,75.6,92.6,74.4,101,77.9,103.4,101.2,74.5,101.6,100.7,85.4,81.3,99.8,101.5,92.7
"2018-08-16",108.83,109.61,108.83,109.36,75.6,92.6,74.4,101,77.9,103.4,101.2,74.5,101.6,100.7,85.4,81.3,99.8,101.5,92.7
"2018-08-17",109.23,110.13,109.23,109.88,75.6,92.6,74.4,101,77.9,103.4,101.2,74.5,101.6,100.7,85.4,81.3,99.8,101.5,92.7
"2018-08-20",110.03,110.33,109.98,110.23,75.6,92.6,74.4,101,77.9,103.4,101.2,74.5,101.6,100.7,85.4,81.3,99.8,101.5,92.7
"2018-08-21",110.38,110.71,110.07,110.36,75.6,92.6,74.4,101,77.9,103.4,101.2,74.5,101.6,100.7,85.4,81.3,99.8,101.5,92.7
"2018-08-22",110.2,110.31,109.98,110.09,75.6,92.6,74.4,101,77.9,103.4,101.2,74.5,101.6,100.7,85.4,81.3,99.8,101.5,92.7
"2018-08-23",110.02,110.19,109.7,109.84,75.6,92.6,74.4,101,77.9,103.4,101.2,74.5,101.6,100.7,85.4,81.3,99.8,101.5,92.7
"2018-08-24",110.05,110.42,109.99,110.32,75.6,92.6,74.4,101,77.9,103.4,101.2,74.5,101.6,100.7,85.4,81.3,99.8,101.5,92.7
"2018-08-27",110.73,111.21,110.66,111.15,75.6,92.6,74.4,101,77.9,103.4,101.2,74.5,101.6,100.7,85.4,81.3,99.8,101.5,92.7
"2018-08-28",111.33,111.38,111.02,111.14,75.6,92.6,74.4,101,77.9,103.4,101.2,74.5,101.6,100.7,85.4,81.3,99.8,101.5,92.7
"2018-08-29",111.18,111.58,110.94,111.42,75.6,92.6,74.4,101,77.9,103.4,101.2,74.5,101.6,100.7,85.4,81.3,99.8,101.5,92.7
"2018-08-30",111.24,111.36,110.66,110.85,75.6,92.6,74.4,101,77.9,103.4,101.2,74.5,101.6,100.7,85.4,81.3,99.8,101.5,92.7
"2018-08-31",110.66,110.93,110.3,110.74,75.6,92.6,74.4,101,77.9,103.4,101.2,74.5,101.6,100.7,85.4,81.3,99.8,101.5,92.7
"2018-09-04",110.63,110.73,110.22,110.62,75.6,92.6,74.4,101,77.9,103.4,101.2,74.5,101.6,100.7,85.4,81.3,99.8,101.5,92.7
"2018-09-05",110.48,110.88,110.3,110.83,75.6,92.6,74.4,101,77.9,103.4,101.2,74.5,101.6,100.7,85.4,81.3,99.8,101.5,92.7
"2018-09-06",110.83,111.07,110.27,110.65,75.6,92.6,74.4,101,77.9,103.4,101.2,74.5,101.6,100.7,85.4,81.3,99.8,101.5,92.7
"2018-09-07",110.35,110.61,110.05,110.38,75.6,92.6,74.4,101,77.9,103.4,101.2,74.5,101.6,100.7,85.4,81.3,99.8,101.5,92.7
"2018-09-10",110.82,111.07,110.57,110.6,75.6,92.6,74.4,101,77.9,103.4,101.2,74.5,101.6,100.7,85.4,81.3,99.8,101.5,92.7
"2018-09-11",110.39,110.95,110.17,110.74,75.6,92.6,74.4,101,77.9,103.4,101.2,74.5,101.6,100.7,85.4,81.3,99.8,101.5,92.7
"2018-09-12",110.76,111.15,110.71,110.92,75.6,92.6,74.4,101,77.9,103.4,101.2,74.5,101.6,100.7,85.4,81.3,99.8,101.5,92.7
"2018-09-13",111.27,111.59,111.04,111.38,75.6,92.6,74.4,101,77.9,103.4,101.2,74.5,101.6,100.7,85.4,81.3,99.8,101.5,92.7
"2018-09-14",111.57,111.66,111.29,111.6,75.6,92.6,74.4,101,77.9,103.4,101.2,74.5,101.6,100.7,85.4,81.3,99.8,101.5,92.7
"2018-09-17",111.64,111.82,111.4,111.52,75.6,92.6,74.4,101,77.9,103.4,101.2,74.5,101.6,100.7,85.4,81.3,99.8,101.5,92.7
"2018-09-18",111.59,112.2,111.44,111.98,75.6,92.6,74.4,101,77.9,103.4,101.2,74.5,101.6,100.7,85.4,81.3,99.8,101.5,92.7
"2018-09-19",111.94,112.48,111.83,112.21,75.6,92.6,74.4,101,77.9,103.4,101.2,74.5,101.6,100.7,85.4,81.3,99.8,101.5,92.7
"2018-09-20",112.67,113.24,112.67,113.1,75.6,92.6,74.4,101,77.9,103.4,101.2,74.5,101.6,100.7,85.4,81.3,99.8,101.5,92.7
"2018-09-21",113.48,113.49,113.18,113.26,75.6,92.6,74.4,101,77.9,103.4,101.2,74.5,101.6,100.7,85.4,81.3,99.8,101.5,92.7
"2018-09-24",113.13,113.15,112.4,112.52,75.6,92.6,74.4,101,77.9,103.4,101.2,74.5,101.6,100.7,85.4,81.3,99.8,101.5,92.7
"2018-09-25",112.74,112.74,111.92,112,75.6,92.6,74.4,101,77.9,103.4,101.2,74.5,101.6,100.7,85.4,81.3,99.8,101.5,92.7
"2018-09-26",112.1,112.35,111.3,111.43,75.6,92.6,74.4,101,77.9,103.4,101.2,74.5,101.6,100.7,85.4,81.3,99.8,101.5,92.7
"2018-09-27",111.55,112.05,111.33,111.45,75.6,92.6,74.4,101,77.9,103.4,101.2,74.5,101.6,100.7,85.4,81.3,99.8,101.5,92.7
"2018-09-28",110.45,110.91,110.1,110.67,75.6,92.6,74.4,101,77.9,103.4,101.2,74.5,101.6,100.7,85.4,81.3,99.8,101.5,92.7
"2018-10-01",111.22,111.49,110.87,111.16,75.6,92.6,74.4,101,77.9,103.4,101.2,74.5,101.6,100.7,85.4,81.3,99.8,101.5,92.7
"2018-10-02",111.14,111.58,110.95,111.39,75.6,92.6,74.4,101,77.9,103.4,101.2,74.5,101.6,100.7,85.4,81.3,99.8,101.5,92.7
"2018-10-03",111.87,112.05,111.35,111.51,75.6,92.6,74.4,101,77.9,103.4,101.2,74.5,101.6,100.7,85.4,81.3,99.8,101.5,92.7
"2018-10-04",111.4,111.62,110.61,111.29,75.6,92.6,74.4,101,77.9,103.4,101.2,74.5,101.6,100.7,85.4,81.3,99.8,101.5,92.7
"2018-10-05",111.43,111.65,110.5,110.97,75.6,92.6,74.4,101,77.9,103.4,101.2,74.5,101.6,100.7,85.4,81.3,99.8,101.5,92.7
"2018-10-08",110.77,111.47,110.55,111.34,75.6,92.6,74.4,101,77.9,103.4,101.2,74.5,101.6,100.7,85.4,81.3,99.8,101.5,92.7
"2018-10-09",111.12,111.46,110.69,111,75.6,92.6,74.4,101,77.9,103.4,101.2,74.5,101.6,100.7,85.4,81.3,99.8,101.5,92.7
"2018-10-10",110.81,111.04,108.02,108.09,75.6,92.6,74.4,101,77.9,103.4,101.2,74.5,101.6,100.7,85.4,81.3,99.8,101.5,92.7
"2018-10-11",107.77,108.05,104.83,105.46,75.6,92.6,74.4,101,77.9,103.4,101.2,74.5,101.6,100.7,85.4,81.3,99.8,101.5,92.7
"2018-10-12",106.73,106.87,104.94,106.21,75.6,92.6,74.4,101,77.9,103.4,101.2,74.5,101.6,100.7,85.4,81.3,99.8,101.5,92.7
"2018-10-15",106.11,106.85,105.9,105.9,75.6,92.6,74.4,101,77.9,103.4,101.2,74.5,101.6,100.7,85.4,81.3,99.8,101.5,92.7
"2018-10-16",106.66,107.96,106.43,107.88,75.6,92.6,74.4,101,77.9,103.4,101.2,74.5,101.6,100.7,85.4,81.3,99.8,101.5,92.7
"2018-10-17",107.73,108.33,106.87,107.95,75.6,92.6,74.4,101,77.9,103.4,101.2,74.5,101.6,100.7,85.4,81.3,99.8,101.5,92.7
"2018-10-18",107.64,108.13,106.38,106.87,75.6,92.6,74.4,101,77.9,103.4,101.2,74.5,101.6,100.7,85.4,81.3,99.8,101.5,92.7
"2018-10-19",107.02,107.83,106.75,106.98,75.6,92.6,74.4,101,77.9,103.4,101.2,74.5,101.6,100.7,85.4,81.3,99.8,101.5,92.7
"2018-10-22",107.22,107.31,106.01,106.2,75.6,92.6,74.4,101,77.9,103.4,101.2,74.5,101.6,100.7,85.4,81.3,99.8,101.5,92.7
"2018-10-23",104.84,106.1,104.01,105.58,75.6,92.6,74.4,101,77.9,103.4,101.2,74.5,101.6,100.7,85.4,81.3,99.8,101.5,92.7
"2018-10-24",105.49,105.53,102.6,102.73,75.6,92.6,74.4,101,77.9,103.4,101.2,74.5,101.6,100.7,85.4,81.3,99.8,101.5,92.7
"2018-10-25",103.52,104.87,103.05,104.23,75.6,92.6,74.4,101,77.9,103.4,101.2,74.5,101.6,100.7,85.4,81.3,99.8,101.5,92.7
"2018-10-26",103.13,103.91,101.88,102.81,75.6,92.6,74.4,101,77.9,103.4,101.2,74.5,101.6,100.7,85.4,81.3,99.8,101.5,92.7
"2018-10-29",103.94,104.8,101.71,102.95,75.6,92.6,74.4,101,77.9,103.4,101.2,74.5,101.6,100.7,85.4,81.3,99.8,101.5,92.7
"2018-10-30",103.11,104.63,103,104.53,75.6,92.6,74.4,101,77.9,103.4,101.2,74.5,101.6,100.7,85.4,81.3,99.8,101.5,92.7
"2018-10-31",105.3,106.15,105,105.16,75.6,92.6,74.4,101,77.9,103.4,101.2,74.5,101.6,100.7,85.4,81.3,99.8,101.5,92.7
"2018-11-01",105.47,106,105.22,105.92,75.6,92.6,74.4,101,77.9,103.4,101.2,74.5,101.6,100.7,85.4,81.3,99.8,101.5,92.7
"2018-11-02",106.68,106.75,104.83,105.66,75.6,92.6,74.4,101,77.9,103.4,101.2,74.5,101.6,100.7,85.4,81.3,99.8,101.5,92.7
"2018-11-05",105.97,107.14,105.97,106.87,75.6,92.6,74.4,101,77.9,103.4,101.2,74.5,101.6,100.7,85.4,81.3,99.8,101.5,92.7
"2018-11-06",106.85,107.51,106.76,107.47,75.6,92.6,74.4,101,77.9,103.4,101.2,74.5,101.6,100.7,85.4,81.3,99.8,101.5,92.7
"2018-11-07",108.35,109.36,107.9,109.29,75.6,92.6,74.4,101,77.9,103.4,101.2,74.5,101.6,100.7,85.4,81.3,99.8,101.5,92.7
"2018-11-08",108.97,109.55,108.75,109.2,75.6,92.6,74.4,101,77.9,103.4,101.2,74.5,101.6,100.7,85.4,81.3,99.8,101.5,92.7
"2018-11-09",108.82,108.92,107.88,108.4,75.6,92.6,74.4,101,77.9,103.4,101.2,74.5,101.6,100.7,85.4,81.3,99.8,101.5,92.7
"2018-11-12",108.35,108.48,106.73,106.91,75.6,92.6,74.4,101,77.9,103.4,101.2,74.5,101.6,100.7,85.4,81.3,99.8,101.5,92.7
"2018-11-13",107.17,107.91,106.55,106.86,75.6,92.6,74.4,101,77.9,103.4,101.2,74.5,101.6,100.7,85.4,81.3,99.8,101.5,92.7
"2018-11-14",107.56,107.66,105.31,106.01,75.6,92.6,74.4,101,77.9,103.4,101.2,74.5,101.6,100.7,85.4,81.3,99.8,101.5,92.7
"2018-11-15",105.53,107.14,104.93,106.98,75.6,92.6,74.4,101,77.9,103.4,101.2,74.5,101.6,100.7,85.4,81.3,99.8,101.5,92.7
"2018-11-16",106.74,107.9,106.7,107.56,75.6,92.6,74.4,101,77.9,103.4,101.2,74.5,101.6,100.7,85.4,81.3,99.8,101.5,92.7
"2018-11-19",107.41,107.73,106.25,106.78,75.6,92.6,74.4,101,77.9,103.4,101.2,74.5,101.6,100.7,85.4,81.3,99.8,101.5,92.7
"2018-11-20",105.78,106.02,104.37,104.73,75.6,92.6,74.4,101,77.9,103.4,101.2,74.5,101.6,100.7,85.4,81.3,99.8,101.5,92.7
"2018-11-21",105.04,105.64,104.82,104.83,75.6,92.6,74.4,101,77.9,103.4,101.2,74.5,101.6,100.7,85.4,81.3,99.8,101.5,92.7
"2018-11-23",104.19,104.79,104,104.29,75.6,92.6,74.4,101,77.9,103.4,101.2,74.5,101.6,100.7,85.4,81.3,99.8,101.5,92.7
"2018-11-26",105.11,105.84,105.02,105.78,75.6,92.6,74.4,101,77.9,103.4,101.2,74.5,101.6,100.7,85.4,81.3,99.8,101.5,92.7
"2018-11-27",105.44,106.2,105.23,106.18,75.6,92.6,74.4,101,77.9,103.4,101.2,74.5,101.6,100.7,85.4,81.3,99.8,101.5,92.7
"2018-11-28",106.5,108.06,106.06,108.06,75.6,92.6,74.4,101,77.9,103.4,101.2,74.5,101.6,100.7,85.4,81.3,99.8,101.5,92.7
"2018-11-29",107.65,108.38,107.31,107.79,75.6,92.6,74.4,101,77.9,103.4,101.2,74.5,101.6,100.7,85.4,81.3,99.8,101.5,92.7
"2018-11-30",107.7,108.78,107.7,108.65,75.6,92.6,74.4,101,77.9,103.4,101.2,74.5,101.6,100.7,85.4,81.3,99.8,101.5,92.7
"2018-12-03",109.95,110.16,108.71,109.42,75.6,92.6,74.4,101,77.9,103.4,101.2,74.5,101.6,100.7,85.4,81.3,99.8,101.5,92.7
"2018-12-04",109.28,109.41,106.17,106.33,75.6,92.6,74.4,101,77.9,103.4,101.2,74.5,101.6,100.7,85.4,81.3,99.8,101.5,92.7
"2018-12-06",104.94,105.86,103.11,105.86,75.6,92.6,74.4,101,77.9,103.4,101.2,74.5,101.6,100.7,85.4,81.3,99.8,101.5,92.7
"2018-12-07",105.72,106.36,103.28,103.69,75.6,92.6,74.4,101,77.9,103.4,101.2,74.5,101.6,100.7,85.4,81.3,99.8,101.5,92.7
"2018-12-10",103.63,103.9,101.38,103.53,75.6,92.6,74.4,101,77.9,103.4,101.2,74.5,101.6,100.7,85.4,81.3,99.8,101.5,92.7
"2018-12-11",104.73,105.07,102.88,103.45,75.6,92.6,74.4,101,77.9,103.4,101.2,74.5,101.6,100.7,85.4,81.3,99.8,101.5,92.7
